Filename,Size,Unit
101-Up-the-Creek-01/Up-the-Creek-13.jpg,346.61,K
101-Up-the-Creek-01/Up-the-Creek-02.jpg,303.48,K
101-Up-the-Creek-01/Up-the-Creek-06.jpg,220.08,K
101-Up-the-Creek-01/Up-the-Creek-08.jpg,218.74,K
101-Up-the-Creek-01/Up-the-Creek-07.jpg,202.69,K
101-Up-the-Creek-01/Up-the-Creek-03.jpg,191.51,K
101-Up-the-Creek-01/Up-the-Creek-09.jpg,167.68,K
101-Up-the-Creek-01/Up-the-Creek-05.jpg,134.96,K
101-Up-the-Creek-01/Up-the-Creek-01.jpg,129.1,K
101-Up-the-Creek-01/Up-the-Creek-04.jpg,120.9,K
101-Up-the-Creek-01/Up-the-Creek-12.jpg,114.42,K
101-Up-the-Creek-01/Up-the-Creek-10.jpg,60.26,K
101-Up-the-Creek-01/Up-the-Creek-11.jpg,56.52,K
102-Fountain-of-Love-01/Fountain-of-Love-11.jpg,341.54,K
102-Fountain-of-Love-01/Fountain-of-Love-13.jpg,300.51,K
102-Fountain-of-Love-01/Fountain-of-Love-15.jpg,78.2,K
102-Fountain-of-Love-01/Fountain-of-Love-14.jpg,73.39,K
102-Fountain-of-Love-01/Fountain-of-Love-04.jpg,70.88,K
102-Fountain-of-Love-01/Fountain-of-Love-08.jpg,68.96,K
102-Fountain-of-Love-01/Fountain-of-Love-12.jpg,68.28,K
102-Fountain-of-Love-01/Fountain-of-Love-06.jpg,61.59,K
102-Fountain-of-Love-01/Fountain-of-Love-03.jpg,60.13,K
102-Fountain-of-Love-01/Fountain-of-Love-07.jpg,57.39,K
102-Fountain-of-Love-01/Fountain-of-Love-01.jpg,54,K
102-Fountain-of-Love-01/Fountain-of-Love-02.jpg,53.92,K
102-Fountain-of-Love-01/Fountain-of-Love-10.jpg,53.52,K
102-Fountain-of-Love-01/Fountain-of-Love-05.jpg,52.03,K
102-Fountain-of-Love-01/Fountain-of-Love-09.jpg,51.51,K
103-PalmSprings-01/PalmSprings-04.jpg,183.99,K
103-PalmSprings-01/PalmSprings-12.jpg,106.74,K
103-PalmSprings-01/PalmSprings-11.jpg,95.43,K
103-PalmSprings-01/PalmSprings-08.jpg,95.03,K
103-PalmSprings-01/PalmSprings-10.jpg,78.55,K
103-PalmSprings-01/PalmSprings-09.jpg,75.23,K
103-PalmSprings-01/PalmSprings-07.jpg,72.98,K
103-PalmSprings-01/PalmSprings-02.jpg,65.84,K
103-PalmSprings-01/PalmSprings-03.jpg,65.25,K
103-PalmSprings-01/PalmSprings-01.jpg,64.18,K
103-PalmSprings-01/PalmSprings-05.jpg,60.61,K
103-PalmSprings-01/PalmSprings-06.jpg,43.37,K
103-PalmSprings-01/PalmSprings-13.jpg,40.01,K
104-Rio-de-Janeiro-01/Rio-de-Janeiro-11.jpg,362.31,K
104-Rio-de-Janeiro-01/Rio-de-Janeiro-08.jpg,202.5,K
104-Rio-de-Janeiro-01/Rio-de-Janeiro-01.jpg,200.75,K
104-Rio-de-Janeiro-01/Rio-de-Janeiro-12.jpg,191.76,K
104-Rio-de-Janeiro-01/Rio-de-Janeiro-13.jpg,175.47,K
104-Rio-de-Janeiro-01/Rio-de-Janeiro-03.jpg,172.13,K
104-Rio-de-Janeiro-01/Rio-de-Janeiro-04.jpg,169.65,K
104-Rio-de-Janeiro-01/Rio-de-Janeiro-14.jpg,160.79,K
104-Rio-de-Janeiro-01/Rio-de-Janeiro-10.jpg,160.37,K
104-Rio-de-Janeiro-01/Rio-de-Janeiro-05.jpg,158.09,K
104-Rio-de-Janeiro-01/Rio-de-Janeiro-15.jpg,153.82,K
104-Rio-de-Janeiro-01/Rio-de-Janeiro-07.jpg,152.6,K
104-Rio-de-Janeiro-01/Rio-de-Janeiro-09.jpg,152.35,K
104-Rio-de-Janeiro-01/Rio-de-Janeiro-02.jpg,147.17,K
104-Rio-de-Janeiro-01/Rio-de-Janeiro-06.jpg,98.89,K
105-PinkBootsBaby-01/PinkBootsBaby-05.jpg,303.55,K
105-PinkBootsBaby-01/PinkBootsBaby-12.jpg,243.16,K
105-PinkBootsBaby-01/PinkBootsBaby-03.jpg,237.31,K
105-PinkBootsBaby-01/PinkBootsBaby-02.jpg,180.67,K
105-PinkBootsBaby-01/PinkBootsBaby-07.jpg,171.78,K
105-PinkBootsBaby-01/PinkBootsBaby-13.jpg,170.53,K
105-PinkBootsBaby-01/PinkBootsBaby-06.jpg,139.03,K
105-PinkBootsBaby-01/PinkBootsBaby-04.jpg,137.31,K
105-PinkBootsBaby-01/PinkBootsBaby-11.jpg,133.83,K
105-PinkBootsBaby-01/PinkBootsBaby-01.jpg,129.56,K
105-PinkBootsBaby-01/PinkBootsBaby-10.jpg,126.3,K
105-PinkBootsBaby-01/PinkBootsBaby-08.jpg,118.35,K
105-PinkBootsBaby-01/PinkBootsBaby-09.jpg,115.32,K
105-PinkBootsBaby-01/PinkBootsBaby-14.jpg,91.02,K
106-PonyTail-01/PonyTail-09.jpg,424.68,K
106-PonyTail-01/PonyTail-11.jpg,198.68,K
106-PonyTail-01/PonyTail-15.jpg,183.45,K
106-PonyTail-01/PonyTail-13.jpg,182.17,K
106-PonyTail-01/PonyTail-01.jpg,176.42,K
106-PonyTail-01/PonyTail-16.jpg,157.66,K
106-PonyTail-01/PonyTail-05.jpg,121.19,K
106-PonyTail-01/PonyTail-02.jpg,114.12,K
106-PonyTail-01/PonyTail-06.jpg,112.95,K
106-PonyTail-01/PonyTail-04.jpg,106.03,K
106-PonyTail-01/PonyTail-14.jpg,104.82,K
106-PonyTail-01/PonyTail-12.jpg,104.07,K
106-PonyTail-01/PonyTail-10.jpg,101.63,K
106-PonyTail-01/PonyTail-07.jpg,100.04,K
106-PonyTail-01/PonyTail-03.jpg,87.94,K
106-PonyTail-01/PonyTail-08.jpg,75.75,K
107-ToolTime-01/ToolTime-03.jpg,332.72,K
107-ToolTime-01/ToolTime-04.jpg,299.33,K
107-ToolTime-01/ToolTime-02.jpg,282.47,K
107-ToolTime-01/ToolTime-10.jpg,251.38,K
107-ToolTime-01/ToolTime-13.jpg,249.69,K
107-ToolTime-01/ToolTime-06.jpg,243.79,K
107-ToolTime-01/ToolTime-07.jpg,240.69,K
107-ToolTime-01/ToolTime-16.jpg,238.76,K
107-ToolTime-01/ToolTime-12.jpg,237.93,K
107-ToolTime-01/ToolTime-09.jpg,229.65,K
107-ToolTime-01/ToolTime-01.jpg,226.71,K
107-ToolTime-01/ToolTime-17.jpg,214.54,K
107-ToolTime-01/ToolTime-14.jpg,198.56,K
107-ToolTime-01/ToolTime-11.jpg,190.71,K
107-ToolTime-01/ToolTime-08.jpg,181.32,K
107-ToolTime-01/ToolTime-15.jpg,175.46,K
107-ToolTime-01/ToolTime-05.jpg,149.86,K
108-Golden-01/Golden-04.jpg,197.75,K
108-Golden-01/Golden-13.jpg,166.26,K
108-Golden-01/Golden-07.jpg,165.25,K
108-Golden-01/Golden-03.jpg,164.95,K
108-Golden-01/Golden-10.jpg,164.02,K
108-Golden-01/Golden-02.jpg,160.09,K
108-Golden-01/Golden-06.jpg,159.65,K
108-Golden-01/Golden-08.jpg,155.83,K
108-Golden-01/Golden-01.jpg,144.88,K
108-Golden-01/Golden-14.jpg,144.6,K
108-Golden-01/Golden-05.jpg,142.98,K
108-Golden-01/Golden-11.jpg,142.84,K
108-Golden-01/Golden-12.jpg,138.49,K
108-Golden-01/Golden-09.jpg,110.96,K
109-WhiteCoat-01/WhiteCoat-02.jpg,197.24,K
109-WhiteCoat-01/WhiteCoat-01.jpg,173.69,K
109-WhiteCoat-01/WhiteCoat-15.jpg,166.41,K
109-WhiteCoat-01/WhiteCoat-10.jpg,139.05,K
109-WhiteCoat-01/WhiteCoat-16.jpg,114.52,K
109-WhiteCoat-01/WhiteCoat-13.jpg,111.13,K
109-WhiteCoat-01/WhiteCoat-11.jpg,110.82,K
109-WhiteCoat-01/WhiteCoat-09.jpg,106.9,K
109-WhiteCoat-01/WhiteCoat-12.jpg,103.28,K
109-WhiteCoat-01/WhiteCoat-08.jpg,102.71,K
109-WhiteCoat-01/WhiteCoat-14.jpg,102.65,K
109-WhiteCoat-01/WhiteCoat-07.jpg,101.99,K
109-WhiteCoat-01/WhiteCoat-06.jpg,100.3,K
109-WhiteCoat-01/WhiteCoat-04.jpg,100.15,K
109-WhiteCoat-01/WhiteCoat-05.jpg,95.65,K
109-WhiteCoat-01/WhiteCoat-03.jpg,89.05,K
110-WWW-01/WWW-06.jpg,157.88,K
110-WWW-01/WWW-08.jpg,138.36,K
110-WWW-01/WWW-07.jpg,131.84,K
110-WWW-01/WWW-01.jpg,130.2,K
110-WWW-01/WWW-09.jpg,125.58,K
110-WWW-01/WWW-10.jpg,123.44,K
110-WWW-01/WWW-04.jpg,117.12,K
110-WWW-01/WWW-11.jpg,111.26,K
110-WWW-01/WWW-02.jpg,103.96,K
110-WWW-01/WWW-05.jpg,90.92,K
110-WWW-01/WWW-03.jpg,84.46,K
110-WWW-01/WWW-13.jpg,67.88,K
110-WWW-01/WWW-12.jpg,54.56,K
111-Need-A-Pillow-01/Need-A-Pillow-06.jpg,339.2,K
111-Need-A-Pillow-01/Need-A-Pillow-09.jpg,187.77,K
111-Need-A-Pillow-01/Need-A-Pillow-02.jpg,128.8,K
111-Need-A-Pillow-01/Need-A-Pillow-11.jpg,121.59,K
111-Need-A-Pillow-01/Need-A-Pillow-13.jpg,114.76,K
111-Need-A-Pillow-01/Need-A-Pillow-12.jpg,107.06,K
111-Need-A-Pillow-01/Need-A-Pillow-10.jpg,105.86,K
111-Need-A-Pillow-01/Need-A-Pillow-03.jpg,105.67,K
111-Need-A-Pillow-01/Need-A-Pillow-08.jpg,104.31,K
111-Need-A-Pillow-01/Need-A-Pillow-07.jpg,103.07,K
111-Need-A-Pillow-01/Need-A-Pillow-04.jpg,97.01,K
111-Need-A-Pillow-01/Need-A-Pillow-14.jpg,91.71,K
111-Need-A-Pillow-01/Need-A-Pillow-05.jpg,85.94,K
111-Need-A-Pillow-01/Need-A-Pillow-15.jpg,85.28,K
111-Need-A-Pillow-01/Need-A-Pillow-16.jpg,69.97,K
111-Need-A-Pillow-01/Need-A-Pillow-01.jpg,47.16,K
112-Fresh-01/Fresh-08.jpg,265.24,K
112-Fresh-01/Fresh-03.jpg,244.73,K
112-Fresh-01/Fresh-06.jpg,238.6,K
112-Fresh-01/Fresh-04.jpg,223.86,K
112-Fresh-01/Fresh-01.jpg,223.1,K
112-Fresh-01/Fresh-02.jpg,210.62,K
112-Fresh-01/Fresh-05.jpg,201.97,K
112-Fresh-01/Fresh-07.jpg,195.38,K
112-Fresh-01/Fresh-13.jpg,173.19,K
112-Fresh-01/Fresh-10.jpg,148.6,K
112-Fresh-01/Fresh-09.jpg,136,K
112-Fresh-01/Fresh-12.jpg,129.47,K
112-Fresh-01/Fresh-11.jpg,124.53,K
112-Fresh-01/Fresh-14.jpg,119.41,K
113-LavenderLingerie-01/LavenderLingerie-14.jpg,264.28,K
113-LavenderLingerie-01/LavenderLingerie-02.jpg,160.77,K
113-LavenderLingerie-01/LavenderLingerie-10.jpg,148.91,K
113-LavenderLingerie-01/LavenderLingerie-05.jpg,144.43,K
113-LavenderLingerie-01/LavenderLingerie-12.jpg,143.54,K
113-LavenderLingerie-01/LavenderLingerie-07.jpg,132.37,K
113-LavenderLingerie-01/LavenderLingerie-04.jpg,115.05,K
113-LavenderLingerie-01/LavenderLingerie-11.jpg,109.46,K
113-LavenderLingerie-01/LavenderLingerie-06.jpg,108.95,K
113-LavenderLingerie-01/LavenderLingerie-09.jpg,106.84,K
113-LavenderLingerie-01/LavenderLingerie-13.jpg,103.8,K
113-LavenderLingerie-01/LavenderLingerie-08.jpg,100.66,K
113-LavenderLingerie-01/LavenderLingerie-03.jpg,99.52,K
113-LavenderLingerie-01/LavenderLingerie-01.jpg,93.92,K
114-Sink-01/Sink-12.jpg,206.2,K
114-Sink-01/Sink-06.jpg,183.09,K
114-Sink-01/Sink-11.jpg,179.02,K
114-Sink-01/Sink-05.jpg,172.81,K
114-Sink-01/Sink-14.jpg,167.71,K
114-Sink-01/Sink-09.jpg,137.3,K
114-Sink-01/Sink-01.jpg,137.27,K
114-Sink-01/Sink-08.jpg,128.72,K
114-Sink-01/Sink-10.jpg,127.42,K
114-Sink-01/Sink-13.jpg,114.46,K
114-Sink-01/Sink-07.jpg,109.74,K
114-Sink-01/Sink-02.jpg,101.72,K
114-Sink-01/Sink-04.jpg,77.7,K
114-Sink-01/Sink-03.jpg,73.02,K
115-Fusion-01/Fusion-10.jpg,196.76,K
115-Fusion-01/Fusion-01.jpg,195.76,K
115-Fusion-01/Fusion-05.jpg,186.73,K
115-Fusion-01/Fusion-04.jpg,179.69,K
115-Fusion-01/Fusion-06.jpg,176.07,K
115-Fusion-01/Fusion-08.jpg,139.07,K
115-Fusion-01/Fusion-09.jpg,107.71,K
115-Fusion-01/Fusion-07.jpg,87.56,K
115-Fusion-01/Fusion-02.jpg,85.71,K
115-Fusion-01/Fusion-12.jpg,76.02,K
115-Fusion-01/Fusion-03.jpg,52.92,K
115-Fusion-01/Fusion-11.jpg,50.52,K
116-Afghanistan1-01/Afghanistan1-04.jpg,233.64,K
116-Afghanistan1-01/Afghanistan1-08.jpg,212.04,K
116-Afghanistan1-01/Afghanistan1-12.jpg,188.08,K
116-Afghanistan1-01/Afghanistan1-05.jpg,185.06,K
116-Afghanistan1-01/Afghanistan1-13.jpg,183.59,K
116-Afghanistan1-01/Afghanistan1-01.jpg,180.93,K
116-Afghanistan1-01/Afghanistan1-17.jpg,176.7,K
116-Afghanistan1-01/Afghanistan1-15.jpg,176.28,K
116-Afghanistan1-01/Afghanistan1-02.jpg,176.17,K
116-Afghanistan1-01/Afghanistan1-07.jpg,173.15,K
116-Afghanistan1-01/Afghanistan1-03.jpg,169.95,K
116-Afghanistan1-01/Afghanistan1-09.jpg,158.62,K
116-Afghanistan1-01/Afghanistan1-06.jpg,157.8,K
116-Afghanistan1-01/Afghanistan1-11.jpg,147.03,K
116-Afghanistan1-01/Afghanistan1-16.jpg,145.97,K
116-Afghanistan1-01/Afghanistan1-10.jpg,141.28,K
116-Afghanistan1-01/Afghanistan1-14.jpg,136.06,K
116-Afghanistan1-01/Afghanistan1-18.jpg,121.39,K
117-Afghanistan2-01/Afghanistan2-11.jpg,301.1,K
117-Afghanistan2-01/Afghanistan2-01.jpg,223.21,K
117-Afghanistan2-01/Afghanistan2-08.jpg,211.89,K
117-Afghanistan2-01/Afghanistan2-04.jpg,208.81,K
117-Afghanistan2-01/Afghanistan2-13.jpg,194.24,K
117-Afghanistan2-01/Afghanistan2-03.jpg,187.44,K
117-Afghanistan2-01/Afghanistan2-02.jpg,174.61,K
117-Afghanistan2-01/Afghanistan2-05.jpg,167.76,K
117-Afghanistan2-01/Afghanistan2-12.jpg,155.46,K
117-Afghanistan2-01/Afghanistan2-07.jpg,155.44,K
117-Afghanistan2-01/Afghanistan2-06.jpg,152.62,K
117-Afghanistan2-01/Afghanistan2-10.jpg,150.16,K
117-Afghanistan2-01/Afghanistan2-09.jpg,145.51,K
117-Afghanistan2-01/Afghanistan2-14.jpg,109.87,K
118-CityGirl-01/CityGirl-02.jpg,156.81,K
118-CityGirl-01/CityGirl-15.jpg,152.91,K
118-CityGirl-01/CityGirl-03.jpg,145.62,K
118-CityGirl-01/CityGirl-11.jpg,134.47,K
118-CityGirl-01/CityGirl-04.jpg,128.44,K
118-CityGirl-01/CityGirl-16.jpg,113.7,K
118-CityGirl-01/CityGirl-08.jpg,110.59,K
118-CityGirl-01/CityGirl-12.jpg,110.48,K
118-CityGirl-01/CityGirl-09.jpg,107.41,K
118-CityGirl-01/CityGirl-10.jpg,99.18,K
118-CityGirl-01/CityGirl-05.jpg,98.36,K
118-CityGirl-01/CityGirl-01.jpg,92.61,K
118-CityGirl-01/CityGirl-06.jpg,90.82,K
118-CityGirl-01/CityGirl-13.jpg,89.4,K
118-CityGirl-01/CityGirl-14.jpg,87.03,K
118-CityGirl-01/CityGirl-07.jpg,73.56,K
119-GoldenBaby-01/GoldenBaby-02.jpg,180.98,K
119-GoldenBaby-01/GoldenBaby-04.jpg,130.25,K
119-GoldenBaby-01/GoldenBaby-01.jpg,128.12,K
119-GoldenBaby-01/GoldenBaby-09.jpg,127.67,K
119-GoldenBaby-01/GoldenBaby-13.jpg,113.61,K
119-GoldenBaby-01/GoldenBaby-08.jpg,100.92,K
119-GoldenBaby-01/GoldenBaby-05.jpg,100.44,K
119-GoldenBaby-01/GoldenBaby-15.jpg,98.32,K
119-GoldenBaby-01/GoldenBaby-11.jpg,88.04,K
119-GoldenBaby-01/GoldenBaby-07.jpg,87.95,K
119-GoldenBaby-01/GoldenBaby-12.jpg,87.46,K
119-GoldenBaby-01/GoldenBaby-14.jpg,86.62,K
119-GoldenBaby-01/GoldenBaby-03.jpg,74.81,K
119-GoldenBaby-01/GoldenBaby-10.jpg,73.43,K
119-GoldenBaby-01/GoldenBaby-06.jpg,45.64,K
120-AtHome-01/AtHome-09.jpg,214.77,K
120-AtHome-01/AtHome-08.jpg,164.59,K
120-AtHome-01/AtHome-14.jpg,159.33,K
120-AtHome-01/AtHome-03.jpg,154.9,K
120-AtHome-01/AtHome-16.jpg,150.71,K
120-AtHome-01/AtHome-15.jpg,138.99,K
120-AtHome-01/AtHome-04.jpg,138.45,K
120-AtHome-01/AtHome-07.jpg,136.04,K
120-AtHome-01/AtHome-13.jpg,134.71,K
120-AtHome-01/AtHome-12.jpg,132.67,K
120-AtHome-01/AtHome-06.jpg,125.32,K
120-AtHome-01/AtHome-05.jpg,124.88,K
120-AtHome-01/AtHome-01.jpg,124.37,K
120-AtHome-01/AtHome-10.jpg,121.52,K
120-AtHome-01/AtHome-11.jpg,121.44,K
120-AtHome-01/AtHome-17.jpg,121.26,K
120-AtHome-01/AtHome-02.jpg,113.64,K
120-AtHome-01/AtHome-18.jpg,112.48,K
120-AtHome-01/AtHome-19.jpg,90.13,K
120-AtHome-01/AtHome-21.jpg,80.48,K
120-AtHome-01/AtHome-20.jpg,78.75,K
121-C-Ment-01/C-Ment-08.jpg,252.93,K
121-C-Ment-01/C-Ment-14.jpg,250.93,K
121-C-Ment-01/C-Ment-07.jpg,226.61,K
121-C-Ment-01/C-Ment-02.jpg,209,K
121-C-Ment-01/C-Ment-09.jpg,208.8,K
121-C-Ment-01/C-Ment-10.jpg,189.51,K
121-C-Ment-01/C-Ment-11.jpg,182.69,K
121-C-Ment-01/C-Ment-04.jpg,175.44,K
121-C-Ment-01/C-Ment-01.jpg,160.88,K
121-C-Ment-01/C-Ment-05.jpg,153.61,K
121-C-Ment-01/C-Ment-06.jpg,146.4,K
121-C-Ment-01/C-Ment-12.jpg,133.39,K
121-C-Ment-01/C-Ment-03.jpg,132.65,K
121-C-Ment-01/C-Ment-13.jpg,131.43,K
122-RustyOilCans-01/RustyOilCans-14.jpg,120.98,K
122-RustyOilCans-01/RustyOilCans-09.jpg,110.89,K
122-RustyOilCans-01/RustyOilCans-12.jpg,107.7,K
122-RustyOilCans-01/RustyOilCans-06.jpg,102.27,K
122-RustyOilCans-01/RustyOilCans-08.jpg,99.81,K
122-RustyOilCans-01/RustyOilCans-11.jpg,97.92,K
122-RustyOilCans-01/RustyOilCans-16.jpg,94.95,K
122-RustyOilCans-01/RustyOilCans-07.jpg,94.25,K
122-RustyOilCans-01/RustyOilCans-03.jpg,93.38,K
122-RustyOilCans-01/RustyOilCans-15.jpg,85.7,K
122-RustyOilCans-01/RustyOilCans-02.jpg,79.51,K
122-RustyOilCans-01/RustyOilCans-01.jpg,76.37,K
122-RustyOilCans-01/RustyOilCans-13.jpg,73.52,K
122-RustyOilCans-01/RustyOilCans-10.jpg,67.7,K
122-RustyOilCans-01/RustyOilCans-04.jpg,66.41,K
122-RustyOilCans-01/RustyOilCans-05.jpg,56.73,K
123-Arizona-01/Arizona-08.jpg,263.11,K
123-Arizona-01/Arizona-07.jpg,209.93,K
123-Arizona-01/Arizona-09.jpg,207.06,K
123-Arizona-01/Arizona-01.jpg,200.5,K
123-Arizona-01/Arizona-12.jpg,193.03,K
123-Arizona-01/Arizona-02.jpg,188.27,K
123-Arizona-01/Arizona-13.jpg,184.47,K
123-Arizona-01/Arizona-03.jpg,182.29,K
123-Arizona-01/Arizona-11.jpg,172.93,K
123-Arizona-01/Arizona-04.jpg,152.53,K
123-Arizona-01/Arizona-06.jpg,149.57,K
123-Arizona-01/Arizona-05.jpg,123.62,K
123-Arizona-01/Arizona-10.jpg,76.15,K
124-GrandCanyon-01/GrandCanyon-07.jpg,315.33,K
124-GrandCanyon-01/GrandCanyon-06.jpg,275.03,K
124-GrandCanyon-01/GrandCanyon-05.jpg,242.99,K
124-GrandCanyon-01/GrandCanyon-11.jpg,228.32,K
124-GrandCanyon-01/GrandCanyon-01.jpg,209.41,K
124-GrandCanyon-01/GrandCanyon-03.jpg,208.52,K
124-GrandCanyon-01/GrandCanyon-02.jpg,196.01,K
124-GrandCanyon-01/GrandCanyon-04.jpg,194.39,K
124-GrandCanyon-01/GrandCanyon-08.jpg,193.56,K
124-GrandCanyon-01/GrandCanyon-12.jpg,176.56,K
124-GrandCanyon-01/GrandCanyon-09.jpg,173.3,K
124-GrandCanyon-01/GrandCanyon-10.jpg,161.16,K
125-Amalgamation-01/Amalgamation-06.jpg,211.41,K
125-Amalgamation-01/Amalgamation-04.jpg,205.53,K
125-Amalgamation-01/Amalgamation-05.jpg,196.44,K
125-Amalgamation-01/Amalgamation-10.jpg,185,K
125-Amalgamation-01/Amalgamation-12.jpg,172.89,K
125-Amalgamation-01/Amalgamation-03.jpg,163.77,K
125-Amalgamation-01/Amalgamation-11.jpg,150.42,K
125-Amalgamation-01/Amalgamation-01.jpg,140.61,K
125-Amalgamation-01/Amalgamation-13.jpg,135.56,K
125-Amalgamation-01/Amalgamation-07.jpg,134.54,K
125-Amalgamation-01/Amalgamation-09.jpg,133.78,K
125-Amalgamation-01/Amalgamation-08.jpg,129,K
125-Amalgamation-01/Amalgamation-02.jpg,99.68,K
125-Amalgamation-01/Amalgamation-14.jpg,90.56,K
126-Beach-01/Beach-12.jpg,244.17,K
126-Beach-01/Beach-13.jpg,201.16,K
126-Beach-01/Beach-04.jpg,185.72,K
126-Beach-01/Beach-02.jpg,183.25,K
126-Beach-01/Beach-01.jpg,172.99,K
126-Beach-01/Beach-03.jpg,163.72,K
126-Beach-01/Beach-06.jpg,155.36,K
126-Beach-01/Beach-11.jpg,154.99,K
126-Beach-01/Beach-07.jpg,153.19,K
126-Beach-01/Beach-08.jpg,152.19,K
126-Beach-01/Beach-09.jpg,147.28,K
126-Beach-01/Beach-10.jpg,134.36,K
126-Beach-01/Beach-05.jpg,93.2,K
127-Burgundy-01/Burgundy-03.jpg,237.77,K
127-Burgundy-01/Burgundy-08.jpg,230.43,K
127-Burgundy-01/Burgundy-07.jpg,224.42,K
127-Burgundy-01/Burgundy-04.jpg,203.15,K
127-Burgundy-01/Burgundy-06.jpg,192.08,K
127-Burgundy-01/Burgundy-05.jpg,164.32,K
127-Burgundy-01/Burgundy-01.jpg,160.45,K
127-Burgundy-01/Burgundy-11.jpg,155.37,K
127-Burgundy-01/Burgundy-02.jpg,149.41,K
127-Burgundy-01/Burgundy-13.jpg,117.88,K
127-Burgundy-01/Burgundy-09.jpg,115.91,K
127-Burgundy-01/Burgundy-10.jpg,113.34,K
127-Burgundy-01/Burgundy-12.jpg,76.11,K
128-WhiteSlip-01/WhiteSlip-11.jpg,475.83,K
128-WhiteSlip-01/WhiteSlip-13.jpg,440.28,K
128-WhiteSlip-01/WhiteSlip-02.jpg,342.12,K
128-WhiteSlip-01/WhiteSlip-10.jpg,319.03,K
128-WhiteSlip-01/WhiteSlip-06.jpg,268.74,K
128-WhiteSlip-01/WhiteSlip-12.jpg,267.43,K
128-WhiteSlip-01/WhiteSlip-03.jpg,259.2,K
128-WhiteSlip-01/WhiteSlip-09.jpg,235.04,K
128-WhiteSlip-01/WhiteSlip-04.jpg,222.11,K
128-WhiteSlip-01/WhiteSlip-05.jpg,194.04,K
128-WhiteSlip-01/WhiteSlip-01.jpg,192.55,K
128-WhiteSlip-01/WhiteSlip-08.jpg,160.87,K
128-WhiteSlip-01/WhiteSlip-07.jpg,138.34,K
129-GoldenGirl-01/GoldenGirl-02.jpg,413.13,K
129-GoldenGirl-01/GoldenGirl-04.jpg,384.84,K
129-GoldenGirl-01/GoldenGirl-09.jpg,296.47,K
129-GoldenGirl-01/GoldenGirl-07.jpg,286.87,K
129-GoldenGirl-01/GoldenGirl-03.jpg,274.25,K
129-GoldenGirl-01/GoldenGirl-08.jpg,248.12,K
129-GoldenGirl-01/GoldenGirl-10.jpg,247.76,K
129-GoldenGirl-01/GoldenGirl-05.jpg,235.64,K
129-GoldenGirl-01/GoldenGirl-06.jpg,230.46,K
129-GoldenGirl-01/GoldenGirl-01.jpg,223.57,K
130-Sheets-01/Sheets-05.jpg,509.8,K
130-Sheets-01/Sheets-09.jpg,366.91,K
130-Sheets-01/Sheets-04.jpg,346.87,K
130-Sheets-01/Sheets-03.jpg,316.54,K
130-Sheets-01/Sheets-06.jpg,306.68,K
130-Sheets-01/Sheets-02.jpg,296.42,K
130-Sheets-01/Sheets-08.jpg,260.16,K
130-Sheets-01/Sheets-10.jpg,246.13,K
130-Sheets-01/Sheets-01.jpg,221.46,K
130-Sheets-01/Sheets-07.jpg,206,K
130-Sheets-01/Sheets-11.jpg,188.88,K
130-Sheets-01/Sheets-12.jpg,162.87,K
