Filename,Size,Unit
181-Blanca-01/Blanca-12.jpg,221.85,K
181-Blanca-01/Blanca-10.jpg,201.94,K
181-Blanca-01/Blanca-06.jpg,175.6,K
181-Blanca-01/Blanca-04.jpg,165.7,K
181-Blanca-01/Blanca-02.jpg,163.87,K
181-Blanca-01/Blanca-03.jpg,159.23,K
181-Blanca-01/Blanca-08.jpg,158.74,K
181-Blanca-01/Blanca-01.jpg,150.08,K
181-Blanca-01/Blanca-11.jpg,138.92,K
181-Blanca-01/Blanca-09.jpg,127.82,K
181-Blanca-01/Blanca-05.jpg,99.5,K
181-Blanca-01/Blanca-07.jpg,65.79,K
182-Art-01/Art-14.jpg,81.06,K
182-Art-01/Art-10.jpg,69.39,K
182-Art-01/Art-06.jpg,66.2,K
182-Art-01/Art-04.jpg,56.32,K
182-Art-01/Art-05.jpg,55.47,K
182-Art-01/Art-02.jpg,55.34,K
182-Art-01/Art-15.jpg,51.95,K
182-Art-01/Art-09.jpg,50.12,K
182-Art-01/Art-12.jpg,48.18,K
182-Art-01/Art-13.jpg,46.21,K
182-Art-01/Art-08.jpg,44.87,K
182-Art-01/Art-03.jpg,44.54,K
182-Art-01/Art-11.jpg,42.65,K
182-Art-01/Art-01.jpg,38.66,K
182-Art-01/Art-07.jpg,34.98,K
183-Spotlight-01/Spotlight-12.jpg,322.41,K
183-Spotlight-01/Spotlight-02.jpg,321.48,K
183-Spotlight-01/Spotlight-09.jpg,225.18,K
183-Spotlight-01/Spotlight-03.jpg,220.76,K
183-Spotlight-01/Spotlight-04.jpg,193.71,K
183-Spotlight-01/Spotlight-13.jpg,186.29,K
183-Spotlight-01/Spotlight-07.jpg,178.18,K
183-Spotlight-01/Spotlight-08.jpg,160.16,K
183-Spotlight-01/Spotlight-01.jpg,157.32,K
183-Spotlight-01/Spotlight-06.jpg,151.81,K
183-Spotlight-01/Spotlight-10.jpg,127.69,K
183-Spotlight-01/Spotlight-05.jpg,125.55,K
183-Spotlight-01/Spotlight-11.jpg,122.95,K
184-Relaxing-01/Relaxing-07.jpg,337.57,K
184-Relaxing-01/Relaxing-12.jpg,331.95,K
184-Relaxing-01/Relaxing-11.jpg,325.74,K
184-Relaxing-01/Relaxing-09.jpg,303.93,K
184-Relaxing-01/Relaxing-06.jpg,256.58,K
184-Relaxing-01/Relaxing-02.jpg,251.2,K
184-Relaxing-01/Relaxing-05.jpg,237.1,K
184-Relaxing-01/Relaxing-08.jpg,234.21,K
184-Relaxing-01/Relaxing-10.jpg,218.89,K
184-Relaxing-01/Relaxing-01.jpg,215.81,K
184-Relaxing-01/Relaxing-04.jpg,183.25,K
184-Relaxing-01/Relaxing-03.jpg,179.48,K
185-CountryGirl-01/CountryGirl-01.jpg,203.95,K
185-CountryGirl-01/CountryGirl-03.jpg,165.84,K
185-CountryGirl-01/CountryGirl-09.jpg,162.3,K
185-CountryGirl-01/CountryGirl-05.jpg,149.84,K
185-CountryGirl-01/CountryGirl-11.jpg,145.94,K
185-CountryGirl-01/CountryGirl-02.jpg,118.32,K
185-CountryGirl-01/CountryGirl-12.jpg,116.43,K
185-CountryGirl-01/CountryGirl-15.jpg,111.3,K
185-CountryGirl-01/CountryGirl-10.jpg,106.27,K
185-CountryGirl-01/CountryGirl-08.jpg,105.4,K
185-CountryGirl-01/CountryGirl-06.jpg,102.79,K
185-CountryGirl-01/CountryGirl-04.jpg,100.98,K
185-CountryGirl-01/CountryGirl-13.jpg,91.83,K
185-CountryGirl-01/CountryGirl-07.jpg,77.48,K
185-CountryGirl-01/CountryGirl-14.jpg,67.26,K
186-HandGallery-01/HandGallery-06.jpg,253.28,K
186-HandGallery-01/HandGallery-07.jpg,203.36,K
186-HandGallery-01/HandGallery-03.jpg,176.1,K
186-HandGallery-01/HandGallery-18.jpg,166.08,K
186-HandGallery-01/HandGallery-04.jpg,162.3,K
186-HandGallery-01/HandGallery-01.jpg,158.12,K
186-HandGallery-01/HandGallery-10.jpg,157.22,K
186-HandGallery-01/HandGallery-16.jpg,156.81,K
186-HandGallery-01/HandGallery-11.jpg,151.91,K
186-HandGallery-01/HandGallery-05.jpg,149.51,K
186-HandGallery-01/HandGallery-08.jpg,129.98,K
186-HandGallery-01/HandGallery-13.jpg,129.71,K
186-HandGallery-01/HandGallery-09.jpg,129.18,K
186-HandGallery-01/HandGallery-02.jpg,127.26,K
186-HandGallery-01/HandGallery-12.jpg,120.85,K
186-HandGallery-01/HandGallery-14.jpg,107.49,K
186-HandGallery-01/HandGallery-15.jpg,92.42,K
186-HandGallery-01/HandGallery-17.jpg,92.31,K
187-Guitar-01/Guitar-14.jpg,351.73,K
187-Guitar-01/Guitar-08.jpg,275.42,K
187-Guitar-01/Guitar-11.jpg,250.12,K
187-Guitar-01/Guitar-07.jpg,241.45,K
187-Guitar-01/Guitar-13.jpg,237.7,K
187-Guitar-01/Guitar-04.jpg,229.35,K
187-Guitar-01/Guitar-06.jpg,223.06,K
187-Guitar-01/Guitar-09.jpg,210.8,K
187-Guitar-01/Guitar-03.jpg,210.18,K
187-Guitar-01/Guitar-02.jpg,201.8,K
187-Guitar-01/Guitar-10.jpg,200.03,K
187-Guitar-01/Guitar-12.jpg,191.88,K
187-Guitar-01/Guitar-01.jpg,186.41,K
187-Guitar-01/Guitar-05.jpg,154,K
188-4UGallery-01/4UGallery-13.jpg,132.09,K
188-4UGallery-01/4UGallery-02.jpg,129.52,K
188-4UGallery-01/4UGallery-01.jpg,126.61,K
188-4UGallery-01/4UGallery-10.jpg,114.62,K
188-4UGallery-01/4UGallery-06.jpg,112.88,K
188-4UGallery-01/4UGallery-11.jpg,107.44,K
188-4UGallery-01/4UGallery-14.jpg,105.21,K
188-4UGallery-01/4UGallery-12.jpg,104.76,K
188-4UGallery-01/4UGallery-04.jpg,96,K
188-4UGallery-01/4UGallery-03.jpg,93.33,K
188-4UGallery-01/4UGallery-07.jpg,85.28,K
188-4UGallery-01/4UGallery-05.jpg,84.63,K
188-4UGallery-01/4UGallery-09.jpg,78.97,K
188-4UGallery-01/4UGallery-08.jpg,70.73,K
189-PLo-01/PLo-09.jpg,293.68,K
189-PLo-01/PLo-13.jpg,204.19,K
189-PLo-01/PLo-06.jpg,181.01,K
189-PLo-01/PLo-05.jpg,174.93,K
189-PLo-01/PLo-02.jpg,173,K
189-PLo-01/PLo-08.jpg,159.22,K
189-PLo-01/PLo-11.jpg,156.28,K
189-PLo-01/PLo-03.jpg,141.95,K
189-PLo-01/PLo-10.jpg,127.83,K
189-PLo-01/PLo-12.jpg,126.16,K
189-PLo-01/PLo-07.jpg,119.71,K
189-PLo-01/PLo-04.jpg,119.25,K
189-PLo-01/PLo-01.jpg,119.09,K
190-RedCami-01/RedCami-02.jpg,154.39,K
190-RedCami-01/RedCami-01.jpg,129.83,K
190-RedCami-01/RedCami-03.jpg,117.41,K
190-RedCami-01/RedCami-07.jpg,116.97,K
190-RedCami-01/RedCami-05.jpg,115.21,K
190-RedCami-01/RedCami-04.jpg,112.79,K
190-RedCami-01/RedCami-06.jpg,77.29,K
191-BlueDamsel-01/BlueDamsel-02.jpg,249.05,K
191-BlueDamsel-01/BlueDamsel-27.jpg,222.2,K
191-BlueDamsel-01/BlueDamsel-05.jpg,210.74,K
191-BlueDamsel-01/BlueDamsel-21.jpg,191.52,K
191-BlueDamsel-01/BlueDamsel-10.jpg,191,K
191-BlueDamsel-01/BlueDamsel-11.jpg,189.89,K
191-BlueDamsel-01/BlueDamsel-32.jpg,188.8,K
191-BlueDamsel-01/BlueDamsel-01.jpg,186.17,K
191-BlueDamsel-01/BlueDamsel-08.jpg,182.41,K
191-BlueDamsel-01/BlueDamsel-17.jpg,181.92,K
191-BlueDamsel-01/BlueDamsel-18.jpg,181.06,K
191-BlueDamsel-01/BlueDamsel-09.jpg,179.79,K
191-BlueDamsel-01/BlueDamsel-06.jpg,177.04,K
191-BlueDamsel-01/BlueDamsel-13.jpg,175.58,K
191-BlueDamsel-01/BlueDamsel-24.jpg,164.6,K
191-BlueDamsel-01/BlueDamsel-14.jpg,164.59,K
191-BlueDamsel-01/BlueDamsel-22.jpg,159.68,K
191-BlueDamsel-01/BlueDamsel-23.jpg,158.24,K
191-BlueDamsel-01/BlueDamsel-04.jpg,157.73,K
191-BlueDamsel-01/BlueDamsel-15.jpg,157.31,K
191-BlueDamsel-01/BlueDamsel-16.jpg,154.57,K
191-BlueDamsel-01/BlueDamsel-26.jpg,152,K
191-BlueDamsel-01/BlueDamsel-19.jpg,140.85,K
191-BlueDamsel-01/BlueDamsel-12.jpg,132.36,K
191-BlueDamsel-01/BlueDamsel-07.jpg,128.44,K
191-BlueDamsel-01/BlueDamsel-03.jpg,122.53,K
191-BlueDamsel-01/BlueDamsel-29.jpg,122.27,K
191-BlueDamsel-01/BlueDamsel-31.jpg,120.99,K
191-BlueDamsel-01/BlueDamsel-30.jpg,119.58,K
191-BlueDamsel-01/BlueDamsel-25.jpg,109.62,K
191-BlueDamsel-01/BlueDamsel-20.jpg,108.45,K
191-BlueDamsel-01/BlueDamsel-28.jpg,91.54,K
192-NewLook-01/NewLook-16.jpg,269.91,K
192-NewLook-01/NewLook-14.jpg,211.3,K
192-NewLook-01/NewLook-10.jpg,207.62,K
192-NewLook-01/NewLook-01.jpg,184.59,K
192-NewLook-01/NewLook-15.jpg,181.82,K
192-NewLook-01/NewLook-06.jpg,180.91,K
192-NewLook-01/NewLook-07.jpg,175.54,K
192-NewLook-01/NewLook-09.jpg,174.11,K
192-NewLook-01/NewLook-12.jpg,168.3,K
192-NewLook-01/NewLook-08.jpg,160.6,K
192-NewLook-01/NewLook-11.jpg,158.78,K
192-NewLook-01/NewLook-05.jpg,148.09,K
192-NewLook-01/NewLook-03.jpg,147.91,K
192-NewLook-01/NewLook-02.jpg,146.11,K
192-NewLook-01/NewLook-13.jpg,142.28,K
192-NewLook-01/NewLook-04.jpg,139.88,K
193-TickledPink-01/TickledPink-08.jpg,255.05,K
193-TickledPink-01/TickledPink-10.jpg,192.66,K
193-TickledPink-01/TickledPink-09.jpg,184.92,K
193-TickledPink-01/TickledPink-03.jpg,167.23,K
193-TickledPink-01/TickledPink-04.jpg,162.46,K
193-TickledPink-01/TickledPink-11.jpg,159.71,K
193-TickledPink-01/TickledPink-02.jpg,158.94,K
193-TickledPink-01/TickledPink-07.jpg,155.17,K
193-TickledPink-01/TickledPink-12.jpg,146.17,K
193-TickledPink-01/TickledPink-06.jpg,139.16,K
193-TickledPink-01/TickledPink-05.jpg,129.24,K
193-TickledPink-01/TickledPink-01.jpg,125.53,K
194-Iguana-01/Iguana-14.jpg,234.99,K
194-Iguana-01/Iguana-07.jpg,229.46,K
194-Iguana-01/Iguana-10.jpg,228.02,K
194-Iguana-01/Iguana-11.jpg,223.6,K
194-Iguana-01/Iguana-02.jpg,222.05,K
194-Iguana-01/Iguana-18.jpg,220.51,K
194-Iguana-01/Iguana-15.jpg,197.41,K
194-Iguana-01/Iguana-17.jpg,194.4,K
194-Iguana-01/Iguana-13.jpg,193.72,K
194-Iguana-01/Iguana-08.jpg,192.51,K
194-Iguana-01/Iguana-01.jpg,188.2,K
194-Iguana-01/Iguana-03.jpg,179.52,K
194-Iguana-01/Iguana-16.jpg,174.1,K
194-Iguana-01/Iguana-12.jpg,172.1,K
194-Iguana-01/Iguana-05.jpg,171.8,K
194-Iguana-01/Iguana-09.jpg,170.51,K
194-Iguana-01/Iguana-04.jpg,159.14,K
194-Iguana-01/Iguana-06.jpg,154.8,K
195-MorningGlory-01/MorningGlory-07.jpg,341.18,K
195-MorningGlory-01/MorningGlory-11.jpg,290.24,K
195-MorningGlory-01/MorningGlory-13.jpg,270.04,K
195-MorningGlory-01/MorningGlory-14.jpg,268.4,K
195-MorningGlory-01/MorningGlory-02.jpg,267.66,K
195-MorningGlory-01/MorningGlory-12.jpg,261.53,K
195-MorningGlory-01/MorningGlory-06.jpg,260.38,K
195-MorningGlory-01/MorningGlory-03.jpg,249.56,K
195-MorningGlory-01/MorningGlory-10.jpg,234.68,K
195-MorningGlory-01/MorningGlory-04.jpg,233.03,K
195-MorningGlory-01/MorningGlory-05.jpg,231.4,K
195-MorningGlory-01/MorningGlory-09.jpg,197.21,K
195-MorningGlory-01/MorningGlory-01.jpg,196.39,K
195-MorningGlory-01/MorningGlory-08.jpg,180.48,K
195-MorningGlory-01/MorningGlory-15.jpg,171.45,K
196-IrishSpring-01/IrishSpring-02.jpg,231.49,K
196-IrishSpring-01/IrishSpring-04.jpg,225.51,K
196-IrishSpring-01/IrishSpring-01.jpg,211.62,K
196-IrishSpring-01/IrishSpring-03.jpg,197.97,K
196-IrishSpring-01/IrishSpring-05.jpg,191.23,K
196-IrishSpring-01/IrishSpring-10.jpg,181.49,K
196-IrishSpring-01/IrishSpring-07.jpg,178.66,K
196-IrishSpring-01/IrishSpring-11.jpg,136.25,K
196-IrishSpring-01/IrishSpring-09.jpg,134.46,K
196-IrishSpring-01/IrishSpring-08.jpg,132.22,K
196-IrishSpring-01/IrishSpring-06.jpg,108.53,K
197-TimelessReflections-01/TimelessReflections-20.jpg,137.75,K
197-TimelessReflections-01/TimelessReflections-03.jpg,137.1,K
197-TimelessReflections-01/TimelessReflections-28.jpg,134.86,K
197-TimelessReflections-01/TimelessReflections-17.jpg,134.72,K
197-TimelessReflections-01/TimelessReflections-27.jpg,129.98,K
197-TimelessReflections-01/TimelessReflections-26.jpg,125.78,K
197-TimelessReflections-01/TimelessReflections-22.jpg,120.22,K
197-TimelessReflections-01/TimelessReflections-25.jpg,118.47,K
197-TimelessReflections-01/TimelessReflections-06.jpg,113.7,K
197-TimelessReflections-01/TimelessReflections-01.jpg,111.53,K
197-TimelessReflections-01/TimelessReflections-02.jpg,110.46,K
197-TimelessReflections-01/TimelessReflections-04.jpg,110.43,K
197-TimelessReflections-01/TimelessReflections-18.jpg,109.98,K
197-TimelessReflections-01/TimelessReflections-19.jpg,107.21,K
197-TimelessReflections-01/TimelessReflections-11.jpg,105.52,K
197-TimelessReflections-01/TimelessReflections-14.jpg,105.15,K
197-TimelessReflections-01/TimelessReflections-21.jpg,104.89,K
197-TimelessReflections-01/TimelessReflections-24.jpg,104.83,K
197-TimelessReflections-01/TimelessReflections-15.jpg,103.41,K
197-TimelessReflections-01/TimelessReflections-08.jpg,102.02,K
197-TimelessReflections-01/TimelessReflections-23.jpg,101.64,K
197-TimelessReflections-01/TimelessReflections-05.jpg,99.63,K
197-TimelessReflections-01/TimelessReflections-09.jpg,94.9,K
197-TimelessReflections-01/TimelessReflections-16.jpg,86.37,K
197-TimelessReflections-01/TimelessReflections-13.jpg,79.86,K
197-TimelessReflections-01/TimelessReflections-12.jpg,78.22,K
197-TimelessReflections-01/TimelessReflections-10.jpg,76.6,K
197-TimelessReflections-01/TimelessReflections-07.jpg,69.26,K
198-Stable-01/Stable-04.jpg,261.28,K
198-Stable-01/Stable-03.jpg,236.98,K
198-Stable-01/Stable-12.jpg,206.99,K
198-Stable-01/Stable-10.jpg,206.98,K
198-Stable-01/Stable-09.jpg,201.28,K
198-Stable-01/Stable-01.jpg,201.22,K
198-Stable-01/Stable-02.jpg,200.12,K
198-Stable-01/Stable-08.jpg,187.87,K
198-Stable-01/Stable-05.jpg,184.54,K
198-Stable-01/Stable-13.jpg,174.18,K
198-Stable-01/Stable-11.jpg,174.04,K
198-Stable-01/Stable-07.jpg,161.21,K
198-Stable-01/Stable-06.jpg,134,K
199-PetraBunny-01/PetraBunny-06.jpg,203.39,K
199-PetraBunny-01/PetraBunny-08.jpg,199.84,K
199-PetraBunny-01/PetraBunny-04.jpg,183.29,K
199-PetraBunny-01/PetraBunny-03.jpg,179.88,K
199-PetraBunny-01/PetraBunny-02.jpg,171.04,K
199-PetraBunny-01/PetraBunny-09.jpg,170.91,K
199-PetraBunny-01/PetraBunny-14.jpg,167.08,K
199-PetraBunny-01/PetraBunny-05.jpg,162.54,K
199-PetraBunny-01/PetraBunny-11.jpg,160.81,K
199-PetraBunny-01/PetraBunny-01.jpg,153.5,K
199-PetraBunny-01/PetraBunny-12.jpg,143.15,K
199-PetraBunny-01/PetraBunny-13.jpg,141.72,K
199-PetraBunny-01/PetraBunny-07.jpg,139.97,K
199-PetraBunny-01/PetraBunny-10.jpg,127.74,K
200-Shades-of-Innocence-01/Shades-of-Innocence-03.jpg,135.77,K
200-Shades-of-Innocence-01/Shades-of-Innocence-15.jpg,117.44,K
200-Shades-of-Innocence-01/Shades-of-Innocence-01.jpg,112.95,K
200-Shades-of-Innocence-01/Shades-of-Innocence-14.jpg,109.96,K
200-Shades-of-Innocence-01/Shades-of-Innocence-08.jpg,101.52,K
200-Shades-of-Innocence-01/Shades-of-Innocence-04.jpg,97.57,K
200-Shades-of-Innocence-01/Shades-of-Innocence-13.jpg,97.18,K
200-Shades-of-Innocence-01/Shades-of-Innocence-10.jpg,97.11,K
200-Shades-of-Innocence-01/Shades-of-Innocence-06.jpg,92.74,K
200-Shades-of-Innocence-01/Shades-of-Innocence-12.jpg,84.21,K
200-Shades-of-Innocence-01/Shades-of-Innocence-07.jpg,80.29,K
200-Shades-of-Innocence-01/Shades-of-Innocence-02.jpg,79.9,K
200-Shades-of-Innocence-01/Shades-of-Innocence-05.jpg,78.68,K
200-Shades-of-Innocence-01/Shades-of-Innocence-09.jpg,73.86,K
200-Shades-of-Innocence-01/Shades-of-Innocence-11.jpg,66.6,K
161-Castle-01/Castle-15.jpg,444.99,K
161-Castle-01/Castle-03.jpg,434.1,K
161-Castle-01/Castle-05.jpg,368.97,K
161-Castle-01/Castle-11.jpg,361.62,K
161-Castle-01/Castle-16.jpg,341.23,K
161-Castle-01/Castle-08.jpg,324.11,K
161-Castle-01/Castle-14.jpg,321.62,K
161-Castle-01/Castle-12.jpg,297.39,K
161-Castle-01/Castle-09.jpg,282.53,K
161-Castle-01/Castle-19.jpg,256,K
161-Castle-01/Castle-01.jpg,245.97,K
161-Castle-01/Castle-02.jpg,239.05,K
161-Castle-01/Castle-10.jpg,232.52,K
161-Castle-01/Castle-13.jpg,231.61,K
161-Castle-01/Castle-07.jpg,201.95,K
161-Castle-01/Castle-04.jpg,159.78,K
161-Castle-01/Castle-06.jpg,153.19,K
161-Castle-01/Castle-17.jpg,128.02,K
161-Castle-01/Castle-18.jpg,105.08,K
162-Smooch-01/Smooch-04.jpg,339.33,K
162-Smooch-01/Smooch-07.jpg,322.39,K
162-Smooch-01/Smooch-09.jpg,276.61,K
162-Smooch-01/Smooch-12.jpg,252.3,K
162-Smooch-01/Smooch-05.jpg,244.4,K
162-Smooch-01/Smooch-01.jpg,241.78,K
162-Smooch-01/Smooch-08.jpg,237.57,K
162-Smooch-01/Smooch-11.jpg,235.7,K
162-Smooch-01/Smooch-02.jpg,234.05,K
162-Smooch-01/Smooch-10.jpg,233.41,K
162-Smooch-01/Smooch-03.jpg,212.11,K
162-Smooch-01/Smooch-06.jpg,209.9,K
162-Smooch-01/Smooch-13.jpg,191.31,K
163-Purpose-01/Purpose-06.jpg,528.45,K
163-Purpose-01/Purpose-15.jpg,467.6,K
163-Purpose-01/Purpose-14.jpg,325.24,K
163-Purpose-01/Purpose-04.jpg,255.54,K
163-Purpose-01/Purpose-05.jpg,240.78,K
163-Purpose-01/Purpose-10.jpg,217.04,K
163-Purpose-01/Purpose-09.jpg,210.45,K
163-Purpose-01/Purpose-07.jpg,200.87,K
163-Purpose-01/Purpose-08.jpg,194.39,K
163-Purpose-01/Purpose-16.jpg,191.53,K
163-Purpose-01/Purpose-12.jpg,182.12,K
163-Purpose-01/Purpose-01.jpg,180.09,K
163-Purpose-01/Purpose-17.jpg,175.33,K
163-Purpose-01/Purpose-02.jpg,174.26,K
163-Purpose-01/Purpose-03.jpg,171.15,K
163-Purpose-01/Purpose-11.jpg,152.25,K
163-Purpose-01/Purpose-13.jpg,145.21,K
164-Plumeria-01/Plumeria-01.jpg,519.64,K
164-Plumeria-01/Plumeria-04.jpg,363.59,K
164-Plumeria-01/Plumeria-10.jpg,349,K
164-Plumeria-01/Plumeria-06.jpg,331.54,K
164-Plumeria-01/Plumeria-13.jpg,304.22,K
164-Plumeria-01/Plumeria-03.jpg,292.37,K
164-Plumeria-01/Plumeria-14.jpg,242.71,K
164-Plumeria-01/Plumeria-11.jpg,241.87,K
164-Plumeria-01/Plumeria-09.jpg,237.51,K
164-Plumeria-01/Plumeria-07.jpg,222.12,K
164-Plumeria-01/Plumeria-15.jpg,218.57,K
164-Plumeria-01/Plumeria-05.jpg,205.53,K
164-Plumeria-01/Plumeria-12.jpg,179.69,K
164-Plumeria-01/Plumeria-08.jpg,173.49,K
164-Plumeria-01/Plumeria-02.jpg,173.04,K
165-Wicker-01/Wicker-04.jpg,550.17,K
165-Wicker-01/Wicker-18.jpg,520.19,K
165-Wicker-01/Wicker-15.jpg,378.38,K
165-Wicker-01/Wicker-16.jpg,360.82,K
165-Wicker-01/Wicker-13.jpg,357.47,K
165-Wicker-01/Wicker-02.jpg,335.7,K
165-Wicker-01/Wicker-09.jpg,322.11,K
165-Wicker-01/Wicker-06.jpg,319.73,K
165-Wicker-01/Wicker-17.jpg,305.22,K
165-Wicker-01/Wicker-08.jpg,304.14,K
165-Wicker-01/Wicker-11.jpg,265.56,K
165-Wicker-01/Wicker-01.jpg,236.04,K
165-Wicker-01/Wicker-12.jpg,216.79,K
165-Wicker-01/Wicker-03.jpg,209.61,K
165-Wicker-01/Wicker-05.jpg,175.63,K
165-Wicker-01/Wicker-10.jpg,171.42,K
165-Wicker-01/Wicker-14.jpg,162.88,K
165-Wicker-01/Wicker-07.jpg,147.78,K
166-Branches-01/Branches-06.jpg,457.25,K
166-Branches-01/Branches-13.jpg,381.63,K
166-Branches-01/Branches-14.jpg,357.42,K
166-Branches-01/Branches-09.jpg,273.93,K
166-Branches-01/Branches-02.jpg,244.05,K
166-Branches-01/Branches-01.jpg,237.08,K
166-Branches-01/Branches-15.jpg,220.87,K
166-Branches-01/Branches-16.jpg,220.2,K
166-Branches-01/Branches-11.jpg,216.96,K
166-Branches-01/Branches-12.jpg,215.79,K
166-Branches-01/Branches-10.jpg,200.73,K
166-Branches-01/Branches-04.jpg,187.37,K
166-Branches-01/Branches-03.jpg,185.61,K
166-Branches-01/Branches-05.jpg,174,K
166-Branches-01/Branches-07.jpg,166.75,K
166-Branches-01/Branches-08.jpg,133.63,K
167-Stars-01/Stars-05.jpg,369.45,K
167-Stars-01/Stars-15.jpg,338.1,K
167-Stars-01/Stars-03.jpg,325.39,K
167-Stars-01/Stars-02.jpg,290,K
167-Stars-01/Stars-07.jpg,262.44,K
167-Stars-01/Stars-04.jpg,252.13,K
167-Stars-01/Stars-13.jpg,242.68,K
167-Stars-01/Stars-12.jpg,223.6,K
167-Stars-01/Stars-11.jpg,213.9,K
167-Stars-01/Stars-09.jpg,212.17,K
167-Stars-01/Stars-08.jpg,206.4,K
167-Stars-01/Stars-14.jpg,196.83,K
167-Stars-01/Stars-01.jpg,196.68,K
167-Stars-01/Stars-06.jpg,175.74,K
167-Stars-01/Stars-10.jpg,173.88,K
168-Toyota-01/Toyota-02.jpg,344.36,K
168-Toyota-01/Toyota-11.jpg,310.52,K
168-Toyota-01/Toyota-07.jpg,302.24,K
168-Toyota-01/Toyota-08.jpg,254.49,K
168-Toyota-01/Toyota-06.jpg,243.31,K
168-Toyota-01/Toyota-12.jpg,222.64,K
168-Toyota-01/Toyota-03.jpg,203.31,K
168-Toyota-01/Toyota-05.jpg,201.97,K
168-Toyota-01/Toyota-01.jpg,192.41,K
168-Toyota-01/Toyota-14.jpg,184.89,K
168-Toyota-01/Toyota-04.jpg,184.08,K
168-Toyota-01/Toyota-16.jpg,176.32,K
168-Toyota-01/Toyota-10.jpg,172.96,K
168-Toyota-01/Toyota-09.jpg,159.45,K
168-Toyota-01/Toyota-13.jpg,158.67,K
168-Toyota-01/Toyota-15.jpg,134.11,K
168-Toyota-01/Toyota-17.jpg,129.38,K
169-LoveRule-01/LoveRule-03.jpg,363.49,K
169-LoveRule-01/LoveRule-19.jpg,351.02,K
169-LoveRule-01/LoveRule-11.jpg,324.01,K
169-LoveRule-01/LoveRule-02.jpg,304.79,K
169-LoveRule-01/LoveRule-08.jpg,276.81,K
169-LoveRule-01/LoveRule-12.jpg,267.56,K
169-LoveRule-01/LoveRule-09.jpg,262.66,K
169-LoveRule-01/LoveRule-01.jpg,260.14,K
169-LoveRule-01/LoveRule-13.jpg,254.28,K
169-LoveRule-01/LoveRule-15.jpg,250.99,K
169-LoveRule-01/LoveRule-17.jpg,248.36,K
169-LoveRule-01/LoveRule-10.jpg,244.25,K
169-LoveRule-01/LoveRule-04.jpg,243.35,K
169-LoveRule-01/LoveRule-18.jpg,234.38,K
169-LoveRule-01/LoveRule-05.jpg,226.04,K
169-LoveRule-01/LoveRule-16.jpg,225.53,K
169-LoveRule-01/LoveRule-14.jpg,211.22,K
169-LoveRule-01/LoveRule-06.jpg,192.95,K
169-LoveRule-01/LoveRule-07.jpg,170.92,K
170-Bordello-01/Bordello-01.jpg,372.17,K
170-Bordello-01/Bordello-09.jpg,363.6,K
170-Bordello-01/Bordello-11.jpg,336.29,K
170-Bordello-01/Bordello-03.jpg,298.41,K
170-Bordello-01/Bordello-12.jpg,295.5,K
170-Bordello-01/Bordello-14.jpg,292.37,K
170-Bordello-01/Bordello-10.jpg,291.75,K
170-Bordello-01/Bordello-15.jpg,288.59,K
170-Bordello-01/Bordello-06.jpg,272.16,K
170-Bordello-01/Bordello-13.jpg,262.22,K
170-Bordello-01/Bordello-05.jpg,229.52,K
170-Bordello-01/Bordello-04.jpg,185.47,K
170-Bordello-01/Bordello-02.jpg,171.7,K
170-Bordello-01/Bordello-07.jpg,157.52,K
170-Bordello-01/Bordello-08.jpg,115.25,K
171-Station-01/Station-14.jpg,281.75,K
171-Station-01/Station-03.jpg,267.71,K
171-Station-01/Station-12.jpg,266.63,K
171-Station-01/Station-15.jpg,257.25,K
171-Station-01/Station-11.jpg,253.65,K
171-Station-01/Station-13.jpg,226.4,K
171-Station-01/Station-10.jpg,224.25,K
171-Station-01/Station-01.jpg,218.48,K
171-Station-01/Station-04.jpg,215.67,K
171-Station-01/Station-02.jpg,213.21,K
171-Station-01/Station-18.jpg,212.94,K
171-Station-01/Station-09.jpg,193.25,K
171-Station-01/Station-08.jpg,192.97,K
171-Station-01/Station-05.jpg,166.8,K
171-Station-01/Station-06.jpg,155.53,K
171-Station-01/Station-17.jpg,153.82,K
171-Station-01/Station-07.jpg,140.93,K
171-Station-01/Station-16.jpg,125.88,K
172-Crimson-01/Crimson-09.jpg,283.53,K
172-Crimson-01/Crimson-06.jpg,265.76,K
172-Crimson-01/Crimson-11.jpg,254.72,K
172-Crimson-01/Crimson-12.jpg,253.81,K
172-Crimson-01/Crimson-17.jpg,241.35,K
172-Crimson-01/Crimson-04.jpg,207.15,K
172-Crimson-01/Crimson-05.jpg,206.68,K
172-Crimson-01/Crimson-13.jpg,200.72,K
172-Crimson-01/Crimson-16.jpg,199.85,K
172-Crimson-01/Crimson-15.jpg,197.83,K
172-Crimson-01/Crimson-18.jpg,192.68,K
172-Crimson-01/Crimson-10.jpg,185.55,K
172-Crimson-01/Crimson-03.jpg,182.65,K
172-Crimson-01/Crimson-07.jpg,176.58,K
172-Crimson-01/Crimson-08.jpg,175.72,K
172-Crimson-01/Crimson-01.jpg,168.97,K
172-Crimson-01/Crimson-14.jpg,164.02,K
172-Crimson-01/Crimson-02.jpg,158.32,K
173-BusStop-01/BusStop-09.jpg,325.02,K
173-BusStop-01/BusStop-07.jpg,318.28,K
173-BusStop-01/BusStop-12.jpg,280.65,K
173-BusStop-01/BusStop-03.jpg,272.72,K
173-BusStop-01/BusStop-06.jpg,247.51,K
173-BusStop-01/BusStop-02.jpg,246.62,K
173-BusStop-01/BusStop-08.jpg,243.9,K
173-BusStop-01/BusStop-14.jpg,222.93,K
173-BusStop-01/BusStop-01.jpg,201.93,K
173-BusStop-01/BusStop-13.jpg,201.02,K
173-BusStop-01/BusStop-04.jpg,198.93,K
173-BusStop-01/BusStop-11.jpg,154.14,K
173-BusStop-01/BusStop-05.jpg,153.43,K
173-BusStop-01/BusStop-10.jpg,70.02,K
174-ShoppingCart-01/ShoppingCart-04.jpg,342.57,K
174-ShoppingCart-01/ShoppingCart-03.jpg,333.88,K
174-ShoppingCart-01/ShoppingCart-06.jpg,304.28,K
174-ShoppingCart-01/ShoppingCart-13.jpg,302.59,K
174-ShoppingCart-01/ShoppingCart-12.jpg,298.39,K
174-ShoppingCart-01/ShoppingCart-02.jpg,280.06,K
174-ShoppingCart-01/ShoppingCart-16.jpg,269.93,K
174-ShoppingCart-01/ShoppingCart-09.jpg,267.39,K
174-ShoppingCart-01/ShoppingCart-15.jpg,261.43,K
174-ShoppingCart-01/ShoppingCart-10.jpg,258.61,K
174-ShoppingCart-01/ShoppingCart-14.jpg,258.34,K
174-ShoppingCart-01/ShoppingCart-01.jpg,257.06,K
174-ShoppingCart-01/ShoppingCart-08.jpg,246.06,K
174-ShoppingCart-01/ShoppingCart-05.jpg,237.8,K
174-ShoppingCart-01/ShoppingCart-07.jpg,224.05,K
174-ShoppingCart-01/ShoppingCart-11.jpg,115.15,K
175-TropicalKitchen-01/TropicalKitchen-06.jpg,315.51,K
175-TropicalKitchen-01/TropicalKitchen-09.jpg,271.03,K
175-TropicalKitchen-01/TropicalKitchen-04.jpg,260.04,K
175-TropicalKitchen-01/TropicalKitchen-05.jpg,230.09,K
175-TropicalKitchen-01/TropicalKitchen-01.jpg,228.18,K
175-TropicalKitchen-01/TropicalKitchen-11.jpg,214.67,K
175-TropicalKitchen-01/TropicalKitchen-10.jpg,211.43,K
175-TropicalKitchen-01/TropicalKitchen-08.jpg,192.25,K
175-TropicalKitchen-01/TropicalKitchen-02.jpg,186.04,K
175-TropicalKitchen-01/TropicalKitchen-03.jpg,145.85,K
175-TropicalKitchen-01/TropicalKitchen-12.jpg,140.1,K
175-TropicalKitchen-01/TropicalKitchen-07.jpg,122.36,K
176-CoCo-01/CoCo-11.jpg,359.04,K
176-CoCo-01/CoCo-17.jpg,330.53,K
176-CoCo-01/CoCo-04.jpg,308.79,K
176-CoCo-01/CoCo-10.jpg,302.2,K
176-CoCo-01/CoCo-01.jpg,302,K
176-CoCo-01/CoCo-06.jpg,283.57,K
176-CoCo-01/CoCo-14.jpg,276.51,K
176-CoCo-01/CoCo-03.jpg,273.24,K
176-CoCo-01/CoCo-13.jpg,270.41,K
176-CoCo-01/CoCo-02.jpg,263.12,K
176-CoCo-01/CoCo-09.jpg,262.5,K
176-CoCo-01/CoCo-08.jpg,243.21,K
176-CoCo-01/CoCo-15.jpg,238.15,K
176-CoCo-01/CoCo-05.jpg,219.4,K
176-CoCo-01/CoCo-12.jpg,217.43,K
176-CoCo-01/CoCo-07.jpg,189.66,K
176-CoCo-01/CoCo-16.jpg,178.08,K
177-AmericanMusic-01/AmericanMusic-08.jpg,348.4,K
177-AmericanMusic-01/AmericanMusic-05.jpg,329.32,K
177-AmericanMusic-01/AmericanMusic-04.jpg,300.08,K
177-AmericanMusic-01/AmericanMusic-10.jpg,277.9,K
177-AmericanMusic-01/AmericanMusic-07.jpg,276.92,K
177-AmericanMusic-01/AmericanMusic-13.jpg,272.24,K
177-AmericanMusic-01/AmericanMusic-12.jpg,260.93,K
177-AmericanMusic-01/AmericanMusic-01.jpg,245.1,K
177-AmericanMusic-01/AmericanMusic-09.jpg,238.89,K
177-AmericanMusic-01/AmericanMusic-02.jpg,210.44,K
177-AmericanMusic-01/AmericanMusic-03.jpg,192.66,K
177-AmericanMusic-01/AmericanMusic-11.jpg,177.39,K
177-AmericanMusic-01/AmericanMusic-06.jpg,174.86,K
178-Alpaca-01/Alpaca-01.jpg,189.77,K
178-Alpaca-01/Alpaca-03.jpg,171.94,K
178-Alpaca-01/Alpaca-06.jpg,169.25,K
178-Alpaca-01/Alpaca-02.jpg,127,K
178-Alpaca-01/Alpaca-05.jpg,125.9,K
178-Alpaca-01/Alpaca-13.jpg,119.52,K
178-Alpaca-01/Alpaca-04.jpg,114.15,K
178-Alpaca-01/Alpaca-12.jpg,113.88,K
178-Alpaca-01/Alpaca-07.jpg,109.8,K
178-Alpaca-01/Alpaca-09.jpg,108.91,K
178-Alpaca-01/Alpaca-14.jpg,102.12,K
178-Alpaca-01/Alpaca-08.jpg,99.08,K
178-Alpaca-01/Alpaca-10.jpg,70.83,K
178-Alpaca-01/Alpaca-15.jpg,62.6,K
178-Alpaca-01/Alpaca-11.jpg,42.04,K
179-Beige2-01/Beige2-07.jpg,282.33,K
179-Beige2-01/Beige2-01.jpg,221.29,K
179-Beige2-01/Beige2-12.jpg,187.97,K
179-Beige2-01/Beige2-05.jpg,181.15,K
179-Beige2-01/Beige2-02.jpg,178.98,K
179-Beige2-01/Beige2-11.jpg,178.18,K
179-Beige2-01/Beige2-09.jpg,169.43,K
179-Beige2-01/Beige2-08.jpg,158.25,K
179-Beige2-01/Beige2-06.jpg,155.79,K
179-Beige2-01/Beige2-03.jpg,153.41,K
179-Beige2-01/Beige2-13.jpg,152.5,K
179-Beige2-01/Beige2-04.jpg,139.36,K
179-Beige2-01/Beige2-10.jpg,134.33,K
180-RedHot-01/RedHot-15.jpg,209.52,K
180-RedHot-01/RedHot-10.jpg,174.91,K
180-RedHot-01/RedHot-08.jpg,173.49,K
180-RedHot-01/RedHot-13.jpg,166.77,K
180-RedHot-01/RedHot-12.jpg,166.17,K
180-RedHot-01/RedHot-01.jpg,158.75,K
180-RedHot-01/RedHot-14.jpg,148.59,K
180-RedHot-01/RedHot-07.jpg,140.5,K
180-RedHot-01/RedHot-03.jpg,139.85,K
180-RedHot-01/RedHot-02.jpg,137.26,K
180-RedHot-01/RedHot-04.jpg,128.56,K
180-RedHot-01/RedHot-06.jpg,122.29,K
180-RedHot-01/RedHot-05.jpg,120.74,K
180-RedHot-01/RedHot-09.jpg,112.15,K
180-RedHot-01/RedHot-11.jpg,101.9,K
