Filename,Size,Unit
/007 James Bond Quantum Of Solice/007 James Bond Quantum Of Solice.jpg,350.48,K
/007 James Bond Quantum Of Solice/007 Quantum Of Solace.jpg,374.25,K
/2 Days To Vegas/2 Days To Vegas.jpg,304.85,K
/2009pbc[1]/2009pbc[1].JPG,4.63,M
/50 Cent Blood On The Sand/50 Cent Blood On The Sand.jpg,429,K
/50 Cent Blood On The Sand/50 Cent Blood Sand.jpg,3.44,M
/A Train HX/A Train HX.jpg,2.77,M
/A Train HX/A-train_Hx_PAL_Custom-[cdcovers_cc]-cd1.jpg,2.59,M
/ACDC Live Rock Band Track/ACDC Live Rock Band Track Pack.jpg,1.47,M
/ACDC Live Rock Band Track/ACDC Live Rock Band Track.jpg,1.25,M
/Ace Combat 6/Ace Combat 6.jpg,2.01,M
/Ace Combat 6/Ace Combat 6cd.jpg,379.46,K
/Ace Combat 6 Fires Of Liberation/Ace Combat 6 Fires Of Liberation.jpg,916.24,K
/Ace Combat 6 Fires Of Liberation/Ace_Combat_6_-_Fires_Of_Liberation_PAL-[cdcovers_cc]-front.jpg,2.07,M
/Afro Samurai/Afro Samurai cd.jpg,424.37,K
/Afro Samurai/Afro Samurai PAL[1].JPG,3.94,M
/Afro Samurai/Afro Samurai.jpg,4.81,M
/Age Of Conan/Age Of Conan.jpg,511.09,K
/Alan Awake/Alan Awake.jpg,1.36,M
/Alan Awake/Alan_Wake_NTSC_Custom-[cdcovers_cc]-cd1.jpg,370.11,K
/Alarm For Cobra 11/Alarm For Cobra 11 cd.jpg,355.4,K
/Alarm For Cobra 11/Alarm For Cobra 11.jpg,1.32,M
/All Pro Football 2K8/All Pro Football 2K8.jpg,4.78,M
/All Pro Football 2K8/All Pro Football.jpg,1.13,M
/Alone In The Dark/Alone In The Dark cd.jpg,271.71,K
/Alone In The Dark/Alone In The Dark.jpg,292.05,K
/Americas Army True Soilders/Americas Army True Soilders.jpg,1.94,M
/Americas Army True Soilders/Americas_Army_True_Soldiers_NTSC_Custom-[cdcovers_cc]-cd1.jpg,623.16,K
/Amped 3/Amped 3 cd.jpg,293.76,K
/Amped 3/Amped 3.jpg,497,K
/Armored Core 4/Armored Core 4.jpg,1.77,M
/Armored Core 4/Armoured_Core_4_Label_NTSC_CD_Custom-[cdcovers_cc]-cd1.jpg,386.75,K
/Armored Core For Answer/Armored Core For Answer.jpg,579.7,K
/Armored Core For Answer/Armored_Core_4_For_Answer_Japanese_Custom-[cdcovers_cc]-front.jpg,496.62,K
/Army of two/Army Of Two cd.jpg,639.67,K
/Army of two/Army Of Two.jpg,2.26,M
/Ashe's Cricket 2009/Ashe's Cricket 2009.JPG,6.03,M
/Ashe's Cricket 2009/Ashes.jpg,961.46,K
/Assassians Creed 2/Assassians Creed 2.jpg,1.7,M
/Assassians Creed 2/Assassians_Creed_2_Ntsc_Custom-[cdcovers_cc]-front.jpg,1.7,M
/Assassians Creed 2/assassinscreediicd.jpg,676.09,K
/Assassians Creed 2/assassinscreediifront.jpg,1.47,M
/Assassins Creed/Assassins Creed cd.jpg,127.36,K
/Assassins Creed/Assassins Creed XBOX360 Disc.jpg,154.28,K
/Assassins Creed/Assassins Creed.jpg,3.87,M
/Avatar The Last Airbender/avatar pal cover.JPG,3.53,M
/Avatar The Last Airbender/Avatar The Last Airbender cd.jpg,412.06,K
/Avatar The Last Airbender/Avatar The Last Airbender.jpg,3.35,M
/Baja Edge Of Control/Baja Edge Of Control cd.jpg,416.33,K
/Baja Edge Of Control/Baja Edge Of Control.jpg,358.55,K
/Baja Edge Of Control/Baja Out of Control.jpg,899.97,K
/Baja Edge Of Control/Baja_-_Edge_Of_Control_NTSC_Custom-[cdcovers_cc]-cd1.jpg,193.78,K
/Baja Edge Of Control/Baja_-_Edge_Of_Control_NTSC_Custom-[cdcovers_cc]-front.jpg,255.04,K
/Bakugan Battle Brawlers/Bakugan Battle Brawlers.jpg,2.58,M
/Banjo Kazooie Nuts And Bolts/BaNJO kAZOIE nUTS & bOLTS.jpg,1.5,M
/Banjo Kazooie Nuts And Bolts/Banjo Kazooie Nuts And Bolts.jpg,417.76,K
/Banjo Kazooie Nuts And Bolts/Banjo-kazooie_-_Nuts_And_Bolts_NTSC-[cdcovers_cc]-front.jpg,1.99,M
/Batman Arkham Asylum/Batman Arkham Asylum.jpg,413.67,K
/Batman Arkham Asylum/Batman Arkham cd Asylum.jpg,317.19,K
/Batman Arkham Asylum/BATMAN.jpg,1.23,M
/Batman Arkham Asylum/batmanarkhamasylum PAL[1].JPG,5.08,M
/Batman Arkham Asylum/batmancovercepal.jpg,4.21,M
/Battle Fantasia/Battle Fantasia.jpg,472.27,K
/Battle Fantasia/Battle_Fantasia_NTSC-[cdcovers_cc]-front.jpg,2.13,M
/Battle Stations Midway/Battle Stations Midway.jpg,440.27,K
/Battle Stations Midway/Battle_Stations_Midway_NTSC-[cdcovers_cc]-front.jpg,1.5,M
/Battle Stations Midway/Battlestations Midway.jpg,389.75,K
/Battle Stations Pacific/Battle Stations Pacific.jpg,1.5,M
/Battle Stations Pacific/Battlestations_Pacific_PAL_Custom-[cdcovers_cc]-cd1.jpg,496,K
/Battlefield 2 Modern Combat/Battlefield 2 Modern Combat.jpg,1.54,M
/Battlefield 2 Modern Combat/Battlefield 2.jpg,240.2,K
/Battlefield Bad Company/Battlefield Bad Company Gold Edition DVD PAL CD.jpg,261.09,K
/Battlefield Bad Company/Battlefield Bad Company.jpg,99.08,K
/Battlefield Bad Company/BC_Battlefield.jpg,1.05,M
/Battlefield Bad Company/Burnout Paradise DVD PAL f[1].JPG,8.42,M
/Beatles Rock band/Beatles Rock band.jpg,97.94,K
/Beatles Rock band/beatles-Jesse.png,2.16,M
/Beautiful Katamari/Beautiful Katamari.jpg,1.15,M
/Bee Movie/Bee Movie.jpg,1.46,M
/Bee Movie/Bee_Movie_Game_NTSC_Custom-[cdcovers_cc]-cd1.jpg,554.33,K
/Beijing 2008/Beijing 2008 cd.jpg,349.1,K
/Beijing 2008/Beijing 2008.jpg,370.06,K
/Beijing 2008/Beijing_2008_PAL-[cdcovers_cc]-cd1.jpg,246.75,K
/Beowulf/Beowulf cd.jpg,370.02,K
/Beowulf/Beowulf.jpg,1.85,M
/Big Bumpin/Big Bumpin.jpg,1.93,M
/Big Bumpin/Big Bumpincd.jpg,472.2,K
/bigs 2/bigs 2.jpg,1.26,M
/bigs 2/Bigs 2cd.jpg,382.47,K
/Bionic Commando/Bionic Commando.jpg,961.18,K
/Bionic Commando/Bionic Commandocd.jpg,243.63,K
/Bionic Commando/Bionic_Commando_PAL_Custom-[cdcovers_cc]-front.jpg,1.59,M
/Bionicle Heroes/Bionicle Heroes.jpg,4.82,M
/Bionicle Heroes/Bionicle Heroescd.jpg,373.51,K
/Bioshock/Bioshock.jpg,331.6,K
/Bioshock/Bioshockcd.jpg,297.16,K
/Black/Black.jpg,559.62,K
/Blacksite Area 51/Blacksite Area 51.jpg,421.39,K
/Blacksite Area 51/Blacksite Area 51cd.jpg,320.1,K
/Bladestorm The Hundered Years War/Bladestorm Hundred Years War.jpg,352.48,K
/Bladestorm The Hundered Years War/Bladestorm The Hundered Years War.jpg,1.42,M
/Blazblue/Blazblue.jpg,1.5,M
/Blazing Angels/Blazing Angels.jpg,1.55,M
/Blazing Angels 2 The Secret Missions Of World War 2/Blazing Angels 2 The Secret Missions Of World War 2.jpg,460.99,K
/Blazing Angels 2 The Secret Missions Of World War 2/Blazing Angels 2.jpg,2.06,M
/Blitz The League/Blitz The League.jpg,1.5,M
/Blitz The League/Blitz The Leaguecd.jpg,487.79,K
/Blitz The League 2/Blitz The League 2.jpg,3.22,M
/Blitz The League 2/blitz2.jpg,948.66,K
/Blue Dragon/Blue Dragon.jpg,593.44,K
/Blue Dragon/Blue Dragoncd.jpg,1.52,M
/Bolt/Bolt.jpg,270.92,K
/Bolt/Bolt_NTSC-[cdcovers_cc]-front.jpg,1.37,M
/Bomberman Act Zero/Bomberman Act Zero.jpg,1.42,M
/Bomberman Act Zero/Bomberman Act Zerocd.jpg,317.35,K
/Borderlands/Borderlands.jpg,2.48,M
/Brave a Warriors Tale/Brave a Warriors Tale.jpg,1.38,M
/Brave a Warriors Tale/Brave A Warriors Talecd.jpg,347.62,K
/Brave a Warriors Tale/Brave.jpg,3.11,M
/Brave a Warriors Tale/Brave__A_Warriors_Tale-[Front]pal.JPG,653.28,K
/Brian Lara Cricket 2007/Brian Lara Cricket 2007.jpg,347.45,K
/Brian Lara Cricket 2007/Brian Lara ICC 2007.jpg,1.96,M
/Brothers In Arms Hells Highway/Brothers in Arms Hell's Highway.jpg,873.98,K
/Brothers In Arms Hells Highway/Brothers In Arms Hells Highway.jpg,231,K
/Brothers In Arms Hells Highway/Brothers In Arms Hells Highwaycd.jpg,482.71,K
/Brutal_Legend/Brutal_Legend.jpg,3.08,M
/Brutal_Legend/BrutalLegend.jpg,317.23,K
/Bullet Witch/Bullet Witch.jpg,1.38,M
/Bullet Witch/Bullet Witchcd.jpg,277.84,K
/Bully Scholarship Edition/Bully Scholarship Edition.jpg,407.34,K
/Bully Scholarship Edition/Bully Scolarship Edition.jpg,167.74,K
/Burnout Paradise/Burnout Paradise.jpg,440.34,K
/Burnout Paradise/Burnout Paradise2.JPG,3.89,M
/Burnout Paradise/Burnout Paradisecd.jpg,427.36,K
/Burnout Paradise the ultimate box/Burnout Paradise the ultimate box.jpg,1.05,M
/Burnout Paradise the ultimate box/Burnout_Paradise_The_Ultimate_Box_NTSC_Custom-[cdcovers_cc]-front.jpg,1004.42,K
/Burnout Revenge/Burnout Revenge.jpg,904.66,K
/Burnout Revenge/Burnout Revengecd.jpg,345.16,K
/Cabela's Dangerous Hunts 2009/Cabela's Dangerous Hunts 2009.jpg,807.5,K
/Cabela's Dangerous Hunts 2009/cabelas dangerous humts 2009.JPG,5.43,M
/Cabela'sDangerousHunts2010/Cabela'sDangerousHunts2010.jpg,1.34,M
/cabelas/cabelas.jpg,1.53,M
/Cabelas African Safari/Cabelas African Safari.jpg,4.94,M
/Cabelas African Safari/Cabelas African Safaricd.jpg,359.91,K
/Cabelas Alaskan Adventures/Cabelas Alaskan Adventures.jpg,4.99,M
/Cabelas Big Game Hunter/Cabela's_Big_Game_Hunter_NTSC-[cdcovers_cc]-cd1.jpg,790.11,K
/Cabelas Big Game Hunter/Cabelas Big Game Hunter.jpg,889.47,K
/Cabelas Trophy Bucks/Cabelas Trophy Bucks.jpg,1.1,M
/Cabelas Trophy Bucks/Cabelas_Trophy_Bucks_NTSC_Custom-[cdcovers_cc]-cd1.jpg,370.82,K
/Call Of Duty 2/Call Of Duty 2cd.jpg,345.37,K
/Call Of Duty 2/call.of.duty.2.xbox360.pal.jpg,4.3,M
/Call Of Duty 3/Call Of Duty3.jpg,1.57,M
/Call Of Duty 3/Call_Of_Duty_3_ntsc-[cdcovers_cc]-cd1.jpg,358.75,K
/Call Of Duty 4 Modern Warefare/Call Of Duty 4 Modern Warefare.jpg,979.18,K
/Call Of Duty 4 Modern Warefare/COD 4.jpg,1017.9,K
/Call Of Duty 5 World At War/Call Of Duty 5 World At War.jpg,323.15,K
/Call Of Duty 5 World At War/call of duty world at war.jpg,2.12,M
/Call Of Duty Modern Warfare 2/Call Of Duty Modern Warfare 2.jpg,509.11,K
/Call Of Duty Modern Warfare 2/Call_Of_Duty_Modern_Warfare_2_NTSC-[cdcovers_cc]-front.jpg,509.11,K
/Call Of Duty Modern Warfare 2/modernwarfare2cdwwwfree.jpg,92.16,K
/Call Of Duty Modern Warfare 2/modernwarfare2front.jpg,951.35,K
/Call Of Duty Modern Warfare 2/modernwarfare2frontwwwf.jpg,329.25,K
/Call Of Duty Modern Warfare 2/modernwarfare2ntsccustox.jpg,421.23,K
/Call Of Juarez/Call of Juarez.jpg,3.32,M
/Call Of Juarez/Call Of Juarezcd.jpg,283.29,K
/Call Of Juarez 2/Call_Of_Jaurez_Bound_In_Blood_NTSC-[cdcovers_cc]-cd1.jpg,344.26,K
/Call Of Juarez 2/Call_Of_Juarez_Bound_In_Blood_360_PAL-[cdcovers_cc]-front.jpg,1.71,M
/Cars/Cars.jpg,144.81,K
/Cars/Cars_Dvd_ntsc-[cdcovers_cc]-front.jpg,583.65,K
/Cars Race O Rama/Cars Race O Rama.jpg,3.15,M
/Carz/Carz.jpg,583.65,K
/Championship Manager 2007/Championship Manager 2007.jpg,307.78,K
/Championship Manager 2007/Championship Manager 2007cd.jpg,275.09,K
/Chrome Hounds/Chrome Hounds.jpg,595.23,K
/Chrome Hounds/Chrome Houndscd.jpg,184.86,K
/Chronicles of Riddick Assault on Dark Athena/Chronicles of Riddick Assault on Dark Athena.jpg,3.18,M
/Chronicles of Riddick Assault on Dark Athena/The_Chronicles_Of_Riddick_Assault_On_Dark_Athena_NTSC-[cdcovers_cc]-cd1.jpg,365.88,K
/civil war - secret missions/civil war - secret missions.jpg,1.21,M
/Civil War A Nation Divided/civil war - nation divided.jpg,1.19,M
/Civil War A Nation Divided/Civil War A Nation Divided.jpg,4.98,M
/Civil War A Nation Divided/Civil War A Nation Dividedcd.jpg,269.74,K
/Clive Barkers Jericho/Clive Barkers Jericho.jpg,2.25,M
/Clive Barkers Jericho/Clive Barkers Jerichocd.jpg,1.28,M
/Cloudy with a Chance of Meatball/Cloudy with a Chance of Meatball -custom- NTSC DVD-Cover by pooly.jpg,2.88,M
/Cloudy with a Chance of Meatball/cloudy with meatballs.jpg,1.16,M
/Cloudy with a Chance of Meatball/cwcm.jpg,3.76,M
/Colin McrRae Dirt/Colin McrRae Dirt.jpg,407.51,K
/Colin McrRae Dirt/Coln Mcrae Dirt.jpg,1.81,M
/Colin McrRae Dirt/Dirt.jpg,759.24,K
/Collage Hoops 2K6/Collage Hoops 2K6.jpg,297.75,K
/Collage Hoops 2K6/College Hoops 2k6.jpg,171.42,K
/Collage Hoops 2K6/College_Hoops_2k6_Dvd_ntsc-[cdcovers_cc]-cd1.jpg,171.42,K
/Collage Hoops 2K7/Collage Hoops 2K7.jpg,4.96,M
/Collage Hoops 2K7/College_Hoops_2k7_ntsc-[cdcovers_cc]-cd1.jpg,355.01,K
/Command & Conquer 3 Kane's Wrath/Command & Conquer 3 Kane's Wrath.jpg,365.38,K
/Command & Conquer 3 Kane's Wrath/Command_&_Conquer_3_Kane's_Wrath_NTSC_Custom-[cdcovers_cc]-front.jpg,1.38,M
/Command And Conquer/Command And Conquer.jpg,577.77,K
/Conan/Conan d.jpg,1.96,M
/Conan/Conan.jpg,1.83,M
/Condemned/Condemned.jpg,474.26,K
/Condemned/Condemnedcd.jpg,569.33,K
/Condemned 2/Condemned 2.jpg,497.13,K
/Condemned 2/Condemned_2_PAL-[cdcovers_cc]-cd1.jpg,1.08,M
/Conflict Denied Opps/Conflict Denied Opps.jpg,361.59,K
/Conflict Denied Opps/Conflict_Denied_Ops_PAL-[cdcovers_cc]-cd1.jpg,119.7,K
/Crackdown/Crackdown.jpg,1.48,M
/Crackdown/Crackdowncd.jpg,419.64,K
/Crash Mind Over Mutant/Crash Mind Over Mutant.jpg,215.96,K
/Crash Of The Titans/Crash Of The Titans.jpg,2.11,M
/Crash Of The Titans/Crash Of the Titanscd.jpg,530.64,K
/CSI Hard Evidence/CSI Hard Evidence.jpg,674.52,K
/CSI Hard Evidence/csi.JPG,3.38,M
/Culdcept Saga/Culdcept Saga.jpg,2.71,M
/Culdcept Saga/Culdcept Sagacd.jpg,1.23,M
/Damnation/Damnation.jpg,3.74,M
/Damnation/Damnationcd.jpg,464.75,K
/Dance Dance Revoulotion Universe/Dance Dance Revolution Universe.jpg,566.83,K
/Dance Dance Revoulotion Universe/Dance Dance Revoulotion Universe.jpg,1.88,M
/Dance Dance Revoulotion Universe 2/Dance Dance Revoulotion Universe 2.jpg,1.54,M
/Dark Messiah Might And Magic/Dark Messiah Might And Magic.jpg,1.7,M
/Dark Messiah Might And Magic/Dark Messiah Might And Magiccd.jpg,903.53,K
/Dark Sector/Dark Sector.jpg,1.59,M
/Dark Sector/Dark Sectorcd.jpg,911.1,K
/Darkest Of Days/darkest of days cd.jpg,964.73,K
/Darkest Of Days/Darkest Of Days.jpg,5.47,M
/Darkest Of Days/Darkest Of Dayscd.jpg,5.47,M
/Dead Or Alive 2/Dead Or Alive 2.jpg,2.17,M
/Dead Or Alive 2/Dead_Or_Alive_Xtreme_2_pal-[cdcovers_cc]-cd1.jpg,1.66,M
/Dead Or Alive 4/Dead Or Alive 4 cd.jpg,328.03,K
/Dead Or Alive 4/Dead Or Alive 4.jpg,1.37,M
/Dead Rising/Dead Rising.jpg,346.69,K
/Dead Rising/Dead_Rising_PAL-[cdcovers_cc]-front.jpg,1.61,M
/Dead Space/Dead Space.jpg,1.14,M
/Dead Space/Dead_Space_PAL-[cdcovers_cc]-front.jpg,1.44,M
/Def Jam Icon/Def Jam Icon.jpg,725.11,K
/Def Jam Icon/Def Jam Iconcd.jpg,257.81,K
/Destroy All Humans! Path Of The Furon/Destroy All Humans! Path Of The Furon.jpg,594.4,K
/Destroy All Humans! Path Of The Furon/Destroy_All_Humans!_Path_Of_The_Furon_NTSC-[cdcovers_cc]-front.jpg,1.51,M
/Devil May Cry 4/Devil May Cry 4.jpg,240.39,K
/Devil May Cry 4/Devil May Cry 4cd.jpg,526.07,K
/Dirt 2/ColinMcRaeDirt2PALDiscCustom2-1.jpg,331.79,K
/Dirt 2/DIRT 2 PAL[1].JPG,5.43,M
/Dirt 2/Dirt 2.jpg,402.52,K
/Dj Hero/Dj Hero.jpg,3.66,M
/dodonpachi/dodonpachi.jpg,1.11,M
/Don King Prize Fighter/Don King Prize Fighter.jpg,1.55,M
/Don King Prize Fighter/Don King Prizefighter.jpg,556.53,K
/Dragon Ball Raging Blast PAL/Dragon Ball Raging Blast PAL.jpg,1.12,M
/dragonageoriginsntsc/dragonageoriginsntsc.jpg,238.77,K
/Dragonball Z Burst Limit/Dragon Ball Z.jpg,1.42,M
/Dragonball Z Burst Limit/Dragonball Z Burst Limit.jpg,375.96,K
/Dreamfall The Longest Journey/Dreamfall The Longest Journey.jpg,413.12,K
/Dynasty Warriors 5/Dynasty Warriors 5.jpg,1.52,M
/Dynasty Warriors 5/Dynasty_Warrior_5_ntsc-[cdcovers_cc]-cd1.jpg,265.25,K
/Dynasty Warriors 6/Dynasty Warrior 6.jpg,539.23,K
/Dynasty Warriors 6/Dynasty Warriors 6.jpg,1.71,M
/Earth Defence Force 2017/Earth Defence Force 2017.jpg,1.59,M
/Earth Defence Force 2017/Earth Defense Force 2017.jpg,779.37,K
/Eat Lead The Return Of Matt Hazard/Eat Lead The Return Of Matt Hazard.jpg,325.04,K
/Eat Lead The Return Of Matt Hazard/Eat_Lead_The_Return_Of_Matt_Hazard_NTSC-[cdcovers_cc]-front.jpg,1.84,M
/Elder Scrolls IV Oblivion/Elder Scrolls IV Oblivion.jpg,450.93,K
/Elder Scrolls IV Oblivion/Elder Scrolls IV.jpg,3.67,M
/Elder Scrolls IV Oblivion/Oblivion.jpg,285.93,K
/Enchanted Arms/Enchanted Arms.jpg,4.94,M
/Enchanted Arms/Enchanted Armscd.jpg,328.68,K
/Enemy Territory Quake Wars/Enemy Territory Quake Wars.jpg,163.79,K
/Enemy Territory Quake Wars/Enemy_Territory_Quake_Wars_NTSC-[cdcovers_cc]-front.jpg,2.24,M
/Eragon/Eragon.jpg,512.53,K
/Eragon/Eragoncd.jpg,247.04,K
/Eternal Sonata/Eternal Sonata.jpg,1.96,M
/Eternal Sonata/Eternal Sonatacd.jpg,489.39,K
/Fable 2/Fable 2.jpg,868.46,K
/Fable 2/Fable 2cd.jpg,698.02,K
/Fable 2/Fable II.jpg,344.12,K
/Fable The Lost Chapters/Fable The Lost Chapters.jpg,506.7,K
/Fable The Lost Chapters/Fable_The_Lost_Chapters_Platinum_Hits_ntsc-[cdcovers_cc]-cd1.jpg,352.95,K
/Facebreake/Facebreake.jpg,112.51,K
/Facebreake/Facebreaker_German_PAL_Custom-[cdcovers_cc]-front.jpg,894.99,K
/Fallout 3/Fallout 3-front[1].JPG,4.12,M
/Fallout 3/Fallout 3.jpg,247.29,K
/Fallout 3/Fallout 3cd.jpg,633.37,K
/Fallout 3 Game Add On Pack Op Anchorage The Pitt/Fallout_3_Game_Add_On_Pack_Op_Anchorage_The_Pitt_NTSC-[cdcovers_cc]-front.jpg,1.86,M
/Fallout_3_Broken_Steel_&_Point_Lookout_NTSC-[Front]/Fallout_3_Broken_Steel_&_Point_Lookout_NTSC-[Front].jpg,829.81,K
/Fantastic 4 Rise Of The Silver Surfer/Fantastic 4 Rise Of The Silver Surfer.jpg,1002.09,K
/Fantastic 4 Rise Of The Silver Surfer/Fantastic Four Rise Of The Silver Surfer.jpg,165.56,K
/Far Cry/Far Cry.jpg,1.58,M
/Far Cry/Far_Cry_Instincts_Predator_pal-[cdcovers_cc]-cd1.jpg,264.75,K
/Far Cry 2/Far Cry 2 [1].JPG,10.13,M
/Far Cry 2/Far Cry 2.jpg,114.39,K
/Far Cry 2/Far Cry 2cd.jpg,330.67,K
/Fatal Inertia/Fatal Inertia.jpg,88.05,K
/Fatal Inertia/Fatal Intrnia.jpg,1.34,M
/FEAR/FEAR.jpg,519.96,K
/FEAR/Fearcd.jpg,284.79,K
/Fear 2 Project Origin/Fear 2 Project Origin.jpg,5.41,M
/Fear 2 Project Origin/fear ll.jpg,679.04,K
/FEAR Files/FEAR Files.jpg,713.16,K
/Fifa 06 Road To World Cup/Fifa 06 Road To World Cup.jpg,392.36,K
/Fifa 06 Road To World Cup/Fifa_06_Road_To_Fifa_World_Cup_pal-[cdcovers_cc]-cd1.jpg,175.91,K
/Fifa 07/Fifa 07.jpg,1.55,M
/Fifa 07/Fifa_07_Dvd_pal_custom-[cdcovers_cc]-cd1.jpg,147.28,K
/Fifa 08/Fifa 08.jpg,1.15,M
/Fifa 08/Fifa_08_PAL_Custom-[cdcovers_cc]-cd1.jpg,275.72,K
/FIFA 09/Fifa 09.jpg,3.5,M
/FIFA 09/Fifa 09cd.jpg,600.56,K
/FIFA 09/FIFA 2009 PAL[1].JPG,10.51,M
/FIFA 10/Fifa 10.jpg,375.07,K
/FIFA 10/Fifa_10_cover_PAL[1].JPG,4.32,M
/FIFA 10/FIFA_10_PAL.jpg,3.74,M
/FIFA 10/Fifa_10_PAL_Custom-[cdcovers_cc]-cd1.jpg,381.27,K
/Fifa Street 3/Fifa Street 3.jpg,635.77,K
/Fifa Street 3/Fifa_Street_3_PAL_Custom-[cdcovers_cc]-cd1.jpg,292.02,K
/Fifa World Cup Germaby 2006/Fifa World Cup Germaby 2006.jpg,1.67,M
/Fifa World Cup Germaby 2006/Fifa_World_Cup_Germany_2006_Dvd_Uk_pal-[cdcovers_cc]-cd1.jpg,221.83,K
/Fight Night Round 3/Fight Night Round 3.jpg,355.25,K
/Fight Night Round 3/Fight Night Round 3cd.jpg,195.62,K
/Fight Night Round 4/Fight Night Round 4.jpg,1.02,M
/Fight Night Round 4/FN4.jpg,3.12,M
/Final Fantasy XI/Final Fantasy XI.jpg,442.73,K
/Final Fantasy XI/Final_Fantasy_Xi_Online_NTSC-[cdcovers_cc]-cd1.jpg,611.91,K
/Flatout Ultimate Carnage/Flatout Ultimate Carnage.jpg,442.58,K
/Flatout Ultimate Carnage/Flatout Ultimate Carnaged.jpg,896.61,K
/Football Manager 2006/Football Manager 2006.jpg,1.43,M
/Football Manager 2006/Football_Manager_2006_pal_custom-[cdcovers_cc]-cd1.jpg,156.11,K
/Football Manager 2007/Football Manager 2007.jpg,439.41,K
/Football Manager 2007/Football_Manager_2007_custom_Dvd_pal-[cdcovers_cc]-cd1.jpg,166.75,K
/Football Manager 2008/Football Manager 2008.jpg,2.18,M
/Football Manager 2008/Football Manager 2008cd.jpg,331.07,K
/Forza Motorsport 2/Forza Motorsport 2.jpg,1.67,M
/Forza Motorsport 2/Forza Motorsport 2cd.jpg,226.74,K
/Forza Motorsport 3/forza 3.jpg,51.82,K
/Forza Motorsport 3/Forza Motorsport 3.jpg,316.58,K
/Forza Motorsport 3/forza1jpg.jpg,220.64,K
/Forza Motorsport 3/forza2.jpg,172.92,K
/Forza Motorsport 3/forzamotorsport3ntsccd.jpg,581.79,K
/Forza Motorsport 3/forzamotorsport3ntscfro.jpg,1.59,M
/Fracture/Fracture.jpg,1.18,M
/Fracture/Fracturecd.jpg,104.77,K
/Frontlines Fuel Of War/Frontlines Fuel Of War.jpg,1.96,M
/Frontlines Fuel Of War/Frontlines Fuel Of Warcd.jpg,840.6,K
/Fuel/Fuel.jpg,3.44,M
/Fuel/Fuelcd.jpg,641.19,K
/Full Auto/Full Auto.jpg,534.6,K
/Full Auto/Full Autocd.jpg,277,K
/Fuzion Frenzy 2/Fuzion Frenzy 2.jpg,738.63,K
/Fuzion Frenzy 2/Fuzion Frenzy 2cd.jpg,563.74,K
/G-Force/G-Force.jpg,3.27,M
/G-Force/G-force_Hungarian_PAL_CD_Custom-[cdcovers_cc]-cd1.jpg,237.58,K
/G-Force/G-force_NTSC-[cdcovers_cc]-cd1.jpg,362.73,K
/Gears Of War/Gears Of War.jpg,406.62,K
/Gears Of War/Gears_Of_War_custom_Dvd_pal-[cdcovers_cc]-cd1.jpg,112.85,K
/Gears Of War/Gears_Of_War_PAL-[cdcovers_cc]-cd1.jpg,312.87,K
/Gears Of War 2/gears of war 2 pal[1].JPG,11.8,M
/Gears Of War 2/Gears Of War 2 s.jpg,382.85,K
/Gears Of War 2/Gears Of War 2.jpg,1.12,M
/Gears Of War 2/GW2.jpg,1.38,M
/Ghost Recon Advanced Warfighter 2/Ghost Recon Advanced War Fighter 2.jpg,240.56,K
/Ghost Recon Advanced Warfighter 2/Ghost Recon Advanced War Fighter.jpg,531.21,K
/Ghost Recon Advanced Warfighter 2/Ghost Recon Advanced Warfighter 2.jpg,788.64,K
/GhostBusters/Ghostbusters.jpg,3.31,M
/GhostBusters/Ghostbusterscd.jpg,379.41,K
/GhostBusters/GI Joe Rise of Cobra.jpg,2.97,M
/GI Joe Rise of Cobra/GI Joe Rise of Cobra.jpg,2.97,M
/Golden Axe Beast Rider/Golden Axe Beast Rider 1.jpg,386.33,K
/Golden Axe Beast Rider/Golden Axe Beast Rider.jpg,284.64,K
/Golden Axe Beast Rider/Golden_Axe_Beast_Rider_NTSC-[cdcovers_cc]-front.jpg,1.72,M
/Grand Theft Auto IV/Grand Theft Auto IV.jpg,200.78,K
/Grand Theft Auto IV/Grand_Theft_Auto_IV_PAL-[cdcovers_cc]-cd1.jpg,366.08,K
/Grand Theft Auto IV/GTA 4.jpg,196.64,K
/Grand Theft Auto San Andreas/Grand Theft Auto San Andreas.jpg,419.49,K
/Guitar Hero Aerosmith/Guitar Hero Aerosmith.jpg,464.34,K
/Guitar Hero Aerosmith/Guitar_Hero_Aerosmith_PAL-[cdcovers_cc]-cd1.jpg,579.54,K
/Guitar Hero II/Guitar Hero II.jpg,1.69,M
/Guitar Hero II/Guitar_Hero_2__PAL-[cdcovers_cc]-cd1.jpg,1.23,M
/Guitar Hero III/Guitar Hero III.jpg,2.35,M
/Guitar Hero III/Guitar_Hero_3_-_Legends_Of_Rock_NTSC-[cdcovers_cc]-cd1.jpg,508.6,K
/guitar hero SH/guitar hero SH.jpg,1.11,M
/Gun/Gun.jpg,659.93,K
/Gun/Guncd.jpg,315.59,K
/Half Life 2/Half Life 2.jpg,537.83,K
/Half Life 2 The Orange Box/Half Life 2 The Orange Box.jpg,1.07,M
/Half Life 2 The Orange Box/Half_Life_2_-_The_Orange_Box_PAL_Custom-[cdcovers_cc]-cd1.jpg,139.15,K
/Halo 2/Halo 2.jpg,417.93,K
/Halo 2/Halo_2_Pal_-[cdcovers_cc]-cd1.jpg,2.29,M
/Halo 3/Halo 3.jpg,174.46,K
/Halo 3/Halo3-Jesse.png,2.8,M
/Halo 3/halo3blue.jpg,992.39,K
/Halo 3/halo3greenh.jpg,1014.89,K
/Halo 3/halo3pinkf.jpg,998.29,K
/Halo 3/halo3q.jpg,922.29,K
/Halo 3/halo3yellowl.jpg,961.53,K
/halowarsk/Halo Wars.jpg,3.31,M
/halowarsk/halowars-pal[1].JPG,5.01,M
/halowarsk/halowarsk.jpg,780.33,K
/HALO_3_ODST_PAL_Cover/halo3-odst-multiplayer-jesse.jpg,1.59,M
/HALO_3_ODST_PAL_Cover/HALO_3_ODST_PAL_Cover.jpg,5.25,M
/Harry Potter And The Order Of The Pheonix/Harry Potter - OotP.jpg,1.14,M
/Harry Potter And The Order Of The Pheonix/Harry Potter And The Order Of The Pheonix.jpg,1.64,M
/Haze/Haze.jpg,1.51,M
/Haze/Haze_NTSC_Custom-[cdcovers_cc]-cd1.jpg,507.59,K
/Heavenly Sword/Heavenly Sword.jpg,469.82,K
/Hellboy/Hellboy.jpg,1.25,M
/Hellboy/Hellboy_NTSC_Custom-[cdcovers_cc]-cd1.jpg,353.96,K
/Hellboy/Hellboy_Science_Of_Evil_PAL-[cdcovers_cc]-cd1.jpg,291.99,K
/Hellboy/hellboythescienceofevil.jpg,317.75,K
/Heroes Over Europe/Heroes Over Europe.jpg,176.17,K
/Heroes Over Europe/HeroesOverEurope.jpg,1.34,M
/Heroes Over Europe/HOE.jpg,3.03,M
/History Channel Battle For The Pacific/History Channel Battle For The Pacific.jpg,917.59,K
/Hitman Blood Money/Hitman Blood Money.jpg,1.9,M
/Hitman Blood Money/Hitman_Blood_Money_pal-[cdcovers_cc]-cd1.jpg,281.3,K
/Hot Wheels Beat That/Hot Wheels Beat That.jpg,1.84,M
/Hot Wheels Beat That/Hot_Wheels_Beat_That_PAL-[cdcovers_cc]-cd1.jpg,2.45,M
/Hour Of Victory/Hour Of Victory.jpg,676.6,K
/Hour Of Victory/Hour_Of_Victory_NTSC-[cdcovers_cc]-cd1.jpg,811.98,K
/House Of The Dead III/House Of The Dead III.jpg,391.74,K
/House Of The Dead III/House_Of_The_Dead_3_PAL_Custom-[cdcovers_cc]-cd1.jpg,167.47,K
/HP Half Blood Prince/Harry Potter - hbp.jpg,1.21,M
/HP Half Blood Prince/harrypotterhalfbloodpri.jpg,1008.52,K
/HP Half Blood Prince/HP Half Blood Prince.jpg,3,M
/Huxley/Huxley.jpg,1.46,M
/Huxley/Huxley_NTSC_Custom-[cdcovers_cc]-cd1.jpg,385.79,K
/iceage3x/Ice_Age_-_Dawn_Of_The_Dinosaurs_NTSC-[cdcovers_cc]-front.jpg,1.81,M
/iceage3x/iceage3x.jpg,1.2,M
/IL 2 Sturmovik/IL 2 Sturmovik.jpg,100.49,K
/IL 2 Sturmovik/Il_2_Sturmovik_Birds_Of_Prey_PAL_Custom-[cdcovers_cc]-cd1.jpg,307.28,K
/Import Tuner/Import Tuner.jpg,515.05,K
/Import Tuner/Import_Tuner_Challenge_PAL-[cdcovers_cc]-cd1.jpg,250.25,K
/Ironman/Ironman.jpg,999.57,K
/Ironman/Ironman_NTSC_Custom-[cdcovers_cc]-cd1.jpg,347.94,K
/Juiced 2/Juiced 2.jpg,1.51,M
/Juiced 2/Juiced_2_Custom-[cdcovers_cc]-cd1.jpg,332.14,K
/Jumper/Jumper.jpg,917.78,K
/Jumper/Jumper_NTSC_Custom-[cdcovers_cc]-cd1.jpg,839.44,K
/Just Cause/Just Cause.jpg,1.29,M
/Just Cause/Just_Cause_German_pal-[cdcovers_cc]-cd1.jpg,311.75,K
/Kane And Lynch/Kane And Lynch.jpg,1.59,M
/Kane And Lynch/Kane_&_Lynch_PAL_Custom-[cdcovers_cc]-cd1.jpg,304.29,K
/Kengo Zero/Kengo Zero.jpg,1.34,M
/Kengo Zero/Kengo_Legend_Of_The_Nine_NTSC-[cdcovers_cc]-cd1.jpg,364.08,K
/King Kong/King Kong.jpg,543,K
/King Kong/King_Kong_ntsc-[cdcovers_cc]-cd1.jpg,409.18,K
/Kingdom Under Fire/Kingdom Under Fire.jpg,2.55,M
"/Kingdom Under Fire/Kingdom_Under_Fire,_Circle_Of_Doom_NTSC-[cdcovers_cc]-cd1.jpg",469.68,K
/Kung Fu Panda/Kung Fu Panda.jpg,952.15,K
/Kung Fu Panda/Kung_Fu_Panda_PAL_CD_Custom-[cdcovers_cc]-cd1.jpg,285.1,K
/Left For Dead/Left For Dead cd.jpg,223.41,K
/Left For Dead/Left For Dead.jpg,312.18,K
/Lego Batman/Lego Batman.jpg,374.14,K
/Lego Batman/Lego_Batman_NTSC_Custom-[cdcovers_cc]-cd1.jpg,668.11,K
/Lego Indiana Jones/Lego Indiana Jones.jpg,1.31,M
/Lego Indiana Jones/Lego_Indiana_Jones_PAL_CD_Custom-[cdcovers_cc]-cd1.jpg,300.88,K
/Lego Star Wars II/Lego Star Wars II.jpg,2.24,M
/Lego Star Wars II/Lego_Star_Wars_2_NTSC-[cdcovers_cc]-cd1.jpg,579.72,K
/Lego Star Wars The Complete Saga/Lego Star Wars The Complete Saga.jpg,5.34,M
/Lego Star Wars The Complete Saga/Lego_Star_Wars__The_Complete_Saga_Custom-[cdcovers_cc]-cd1.jpg,297.69,K
/leisuresuitlarryPAL[1]/Leisure_Suit_Larry_Box_Office_Bust_NTSC-[cdcovers_cc]-cd1.jpg,685.47,K
/leisuresuitlarryPAL[1]/leisuresuitlarryPAL[1].JPG,4.78,M
/LMA Manager 2007/LMA Manager 2007.jpg,1.9,M
/LMA Manager 2007/Lma_Manager_2007_ntsc-[cdcovers_cc]-cd1.jpg,247.17,K
/Looney Tunes ACME Arsenal/Looney Tunes ACME Arsenal.jpg,1.56,M
/Looney Tunes ACME Arsenal/Looney_Tunes_Acme_Arsenal_NTSC_-[cdcovers_cc]-cd1.jpg,301.06,K
/Lord Of The Rings Battle For Middle Earth/Lord Of The Rings Battle For Middle Earth.jpg,1.44,M
/Lord Of The Rings Battle For Middle Earth/Lord_Of_The_Rings_The_Battle_For_Middle-earth_II_PAL-[cdcovers_cc]-cd1.jpg,499.62,K
/Lost Odessy/Lost Odessy.jpg,1.85,M
/Lost Odessy/Lost_Odyssey_PAL-[cdcovers_cc]-cd1.jpg,842.88,K
/Lost Planet/Lost Planet.jpg,1.7,M
/Lost Planet/Lost_Planet__PAL-[cdcovers_cc]-cd1.jpg,334.67,K
/Lost The Video Game/Lost The Video Game.jpg,731.79,K
/Lost The Video Game/Lost_The_Video_Game_Pal_PAL-[cdcovers_cc]-cd1.jpg,212.36,K
/LOTR Conquest PAL Cover[1]/Lord_Of_The_Rings_Conquest_NTSC-[cdcovers_cc]-cd1.jpg,558.67,K
/LOTR Conquest PAL Cover[1]/LOTR Conquest PAL Cover[1].JPG,5.28,M
/Madden 06/Madden 06.jpg,479.89,K
/Madden 06/Madden_06_ntsc-[cdcovers_cc]-cd1.jpg,191.09,K
/Madden 07/Madden 07.jpg,1.81,M
/Madden 07/Madden_07_Dvd_ntsc-[cdcovers_cc]-cd1.jpg,293.46,K
/Madden 08/Madden 08.jpg,607.55,K
/Madden 08/Madden_08_NTSC-[cdcovers_cc]-cd1.jpg,237.53,K
/Madden 2010/Madden 2010.jpg,1.78,M
/Madden 2010/Madden_2010_NTSC-[cdcovers_cc]-front.jpg,1.86,M
/Major League Baseball 2K6/Major League Baseball 2K6.jpg,2.23,M
/Major League Baseball 2K6/Major_League_Baseball_2k6_ntsc-[cdcovers_cc]-cd1.jpg,238.83,K
/Major League Baseball 2K7/Major League Baseball 2K7.jpg,444.74,K
/Major League Baseball 2K7/Major_League_Baseball_2k7_NTSC_Custom-[cdcovers_cc]-cd1.jpg,347.66,K
/Major League Baseball 2K8/Major League Baseball 2K8.jpg,1.45,M
/Major League Baseball 2K8/Major_League_Baseball_2k8_NTSC-[cdcovers_cc]-cd1.jpg,299.72,K
/Marvel ultimate alliance 2/marvel alliance 2.jpg,3.43,M
/Marvel ultimate alliance 2/MARVEL cover PAL[1].jpg,4.78,M
/Marvel ultimate alliance 2/mua2-jesse.jpg,1.4,M
/Mass Effect/Mass Effect.jpg,710.8,K
/Mass Effect/masseffectn.jpg,781.35,K
/Medal Of Honour Airbourne/Medal Of Honour Airbourne.jpg,701.73,K
/Medal Of Honour Airbourne/Medal_Of_Honor_Airborne_PAL_Custom-[cdcovers_cc]-cd1.jpg,421.54,K
/Meet The Robinsons/Meet The Robinsons.jpg,1.43,M
/Meet The Robinsons/Meet_The_Robinsons_PAL-[cdcovers_cc]-cd1.jpg,160.49,K
/Midnight Club Los Angeles/Midnight Club La.jpg,331.62,K
/Midnight Club Los Angeles/Midnight Club Los Angeles.JPG,9.94,M
/Midnight Club Los Angeles/midnightclubla.jpg,1.04,M
/Mini-Ninjas-Cover[1]/Mini-Ninjas-Cover[1].JPG,2.95,M
/Mini-Ninjas-Cover[1]/Mini_Ninjas_PAL_Custom-[cdcovers_cc]-cd1.jpg,92.41,K
/Mini-Ninjas-Cover[1]/mn.jpg,3.77,M
/Mirrors Edge/Mirror's_Edge_PAL_Custom-[cdcovers_cc]-cd1.jpg,221.68,K
/Mirrors Edge/Mirrors Edge.jpg,124.88,K
/mlb2k9/mlb2k9.jpg,712.38,K
/mlb2k9/Mlb_2k9_Retail_NTSC-[cdcovers_cc]-front.jpg,2.23,M
/monopoly_x[1]/Monopoly_PAL_Custom-[cdcovers_cc]-cd1.jpg,383.49,K
/monopoly_x[1]/monopoly_x[1].JPG,4.62,M
/Monster Jam/Monster Jam.jpg,289.68,K
/Monster Jam/Monster_Jam_PAL_Custom-[cdcovers_cc]-cd1.jpg,196.41,K
/Monster Madness/Monster Madness.jpg,507.69,K
/Monster Madness/Monster_Madness_Battle_For_Suburbia_NTSC-[cdcovers_cc]-cd1.jpg,620.72,K
/Mortal Kombat Armageddon/Mortal Kombat Armageddon.jpg,403.84,K
/Mortal Kombat VS DC Universe/Mortal Kombat VS DC Universe.jpg,360.72,K
/Mortal Kombat VS DC Universe/mortalkombatvsdcuu.jpg,872.85,K
/MX VS ATV/MX VS ATV.jpg,474.09,K
/MX VS ATV/MX_vs_ATV.jpg,2.09,M
/MX VS ATV/Mx_Vs_ATV_Untamed_DVD_NTSC_CD.jpg,1.87,M
/Naruto Rise Of Ninja/Naruto Rise Of Ninja.jpg,1.84,M
/Nascar 08/Nascar 08.jpg,1.58,M
/Nascar 09/Nascar 09.jpg,1.28,M
/NBA 2K6/NBA 2K6.jpg,2.09,M
/NBA 2K8/NBA 2K8.jpg,374.54,K
/NBA 2K9/nba 2k9 pal [1].JPG,3.72,M
/NBA 2K9/NBA 2K9.jpg,125.2,K
/NBA 2K9/nba2k9n.jpg,1017.03,K
/NBA Ballers Chosen One/NBA Ballers Chosen One.jpg,227.52,K
/NBA Live 08/NBA Live 08.jpg,2,M
/NBA Live 09/NBA Live 09.jpg,254.34,K
/NBA Street Homecourt/NBA Street Homecourt.jpg,732.57,K
/NCAA Collage Hoops 2K7/NCAA Collage Hoops 2K7.jpg,1.39,M
/NCAA Football 07/NCAA Football 07.jpg,4.99,M
/NCAA Football 08/NCAA Football 08.jpg,1.62,M
/NCAA Football 09/NCAA Football 09.jpg,1.34,M
/NCAA March Madness 07/NCAA March Madness 07.jpg,1.46,M
/Need For Speed Carbon/Need For Speed Carbon.jpg,958.58,K
/Need For Speed Most Wanted/Need For Speed Most Wanted.jpg,1.13,M
/Need For Speed Pro Street/Need For Speed Pro Street.jpg,1.12,M
/Need For Speed Shift/Need For Speed Shift.jpg,104.29,K
/Need For Speed Shift/nfs disc cover.jpg,661.33,K
/Need For Speed Shift/NFS_Shift-pal[1].jpg,4.02,M
/Need For Speed Shift/NFS_Shift.jpg,1.09,M
/Need For Speed Shift/NFS_x.jpg,3.37,M
/Need For Speed Undercover/Need For Speed Undercover.jpg,262.23,K
/Need For Speed Undercover/Need for Speed Undercover[1].JPG,3.97,M
/Need For Speed Undercover/NFSUndercover.jpg,1.08,M
/NFL Tour/NFL Tour.jpg,1.79,M
/nflheadcoach09/nflheadcoach09.jpg,1.28,M
/NHL 08/NHL 08.jpg,2.1,M
/NHL 2K10/NHL 2K10.jpg,2.76,M
/NHL 2K8/NHL 2K8.jpg,1.74,M
/NHL 2K9/nhl 2k9 pal [1].JPG,3.71,M
/NHL 2K9/NHL 2K9.jpg,251.02,K
/night at the museum battleoq/night at the museum battleoq.jpg,303.27,K
/ninjabladec/ninjabladec.jpg,889.31,K
/Ninty Nine Nights/Ninty Nine Nights.jpg,408.54,K
/onechanbarar/onechanbarar.jpg,1.29,M
/Open Season/Open Season.jpg,1.77,M
/Open Season/Open Seasoncd.jpg,276.44,K
/Operation FP cover PAL/operation flashpoint 2.jpg,4.98,M
/Operation FP cover PAL/Operation Flashpoint DR_NTSC_BIGbone.jpg,781.74,K
/Operation FP cover PAL/Operation FP cover PAL.jpg,6.31,M
/Outfit/Outfit.jpg,1.69,M
/Outfit/Outfitcd.jpg,440.16,K
/Outrun 2006 Coast To Coast/Outrun 2006 Coast To Coast.jpg,2.1,M
/Over G Fighters/Over G Fighters.jpg,306.23,K
/Over G Fighters/Over_G_Fighters_Dvd_pal-[cdcovers_cc]-front.jpg,501.97,K
/Overlord/Overlord.jpg,1.86,M
/Overlord/Overlordcd.jpg,403.26,K
/overlordiis/Overlord_II_PAL-[cdcovers_cc]-front.jpg,1.7,M
/overlordiis/overlordiis.jpg,1.55,M
/Perfect Dark Zero/Perfect Dark Zero.jpg,4.92,M
/Perfect Dark Zero/Perfect Dark Zerocd.jpg,232.5,K
/Peter Jacksons King Kong/Peter Jacksons King Kong.jpg,273.48,K
/Peter Jacksons King Kong/Peter_Jacksons_King_Kong_Dvd_pal-[cdcovers_cc]-front.jpg,491.99,K
/Phantasy Star Universe/Phantasy Star Universe.jpg,2.05,M
/Phantasy Star Universe/Phantasy Star Universecd.jpg,524.1,K
/Pimp My Ride/Pimp My Ride.jpg,323.93,K
/Pimp My Ride/Pimp_My_Ride_NTSC-[cdcovers_cc]-cd1.jpg,657.62,K
/Pirates of The Carribean At Worlds End/Pirates Of The Caribbean At World's End.jpg,331.58,K
/Pirates of The Carribean At Worlds End/Pirates of The Carribean At Worlds End.jpg,370.17,K
/Pocket Bike Racer/Pocket Bike Racer.jpg,392.66,K
/Pocket Bike Racer/Pocketbike Racers.jpg,4.67,M
/Popcap Arcade/Popcap Arcade Volume 1.jpg,1.25,M
/Popcap Arcade/Popcap Arcade.jpg,247.27,K
/Prey/Prey.jpg,4.99,M
/Prey/Preycd.jpg,350.12,K
/Prince Of Persia/Prince Of Persia.jpg,257.81,K
/Prince Of Persia/Prince Of Persiacd.jpg,454.38,K
/pro evo 09/pro evo 09.JPG,12.99,M
/pro evo 09/Pro_Evolution_Soccer_2009_PAL_Custom-[cdcovers_cc]-cd1.jpg,372.9,K
/Pro Evo 2006/Pro Evo 2006.jpg,1.56,M
/Pro Evo 2008/Pro Evo 2008.jpg,1.81,M
/Pro Evo 2008/Pro_Evolution_Soccer_2008_NTSC-[cdcovers_cc]-front.jpg,1.54,M
/Pro Evo 2008/Pro_Evolution_Soccer_2008_PAL-[cdcovers_cc]-cd1.jpg,375.35,K
/Pro Evolution Soccer 2008/Pro Evolution Soccer 2008.jpg,423.89,K
/Project Gotham Racing 3/Project Gotham Racing 3.jpg,1.07,M
/Project Gotham Racing 3/Project Gotham Racing 3cd.jpg,339.71,K
/Project Gothem Racing 4/Project Gotham Racing 4 NTSC.JPG,5.46,M
/Project Gothem Racing 4/Project Gotham Racing 4.jpg,785.37,K
/Project Gothem Racing 4/Project Gothem Racing 4.jpg,1.47,M
/Project Sylpheed/Project Sylpheed.jpg,1.75,M
/Project Sylpheed/Project Sylpheedcd.jpg,337.13,K
/PROTOTYPE/[PROTOTYPE].jpg,1.74,M
/PROTOTYPE/Prototypecd.jpg,975.61,K
/PROTOTYPE/prototypez.jpg,1.06,M
/Pure/Pure.jpg,208.56,K
/Pure/Purecd.jpg,872.98,K
/Quake 4/Quake 4.jpg,368.29,K
/Quake 4/Quake_4_Dvd_ntsc-[cdcovers_cc]-cd1.jpg,395.71,K
/qubedlabelntsc/qubedlabelntsc.jpg,1.07,M
/Race Driver Grid/Grid.jpg,1.05,M
/Race Driver Grid/Race Driver Grid.jpg,3.7,M
/Raiden IV/Raiden IV.jpg,1.28,M
/Rainbow Six Vegas/Rainbow Six Vegas.jpg,1.99,M
/Rainbow Six Vegas/Rainbow_Six_Vegas_ntsc_custom-[cdcovers_cc]-cd1.jpg,233.24,K
/Rainbow Six Vegas 2/Rainbow Six Vegas 2.jpg,368.54,K
/Rainbow Six Vegas 2/rainbowsixvegas2d.jpg,1.12,M
/Rapal Pro Fishing/Rapal Pro Fishing.jpg,432.33,K
/Rapal Pro Fishing/Rapala_Pro_Fishing_NTSC_Custom-[cdcovers_cc]-cd1.jpg,220.03,K
/Rapala Tournement Fishing/Rapala Tournement Fishing.jpg,1.59,M
/Ratatouille/Ratatouille.jpg,1.62,M
/raven squad[1]/raven squad[1].JPG,4.6,M
/Rayman/Rayman.jpg,483.67,K
/Rayman/Rayman_Raving_Rabbids_PAL__Custom-[cdcovers_cc]-cd1.jpg,261.38,K
/Rayman/Rayman_Raving_Rabbids_PAL_Custom-[cdcovers_cc]-cd1.jpg,199.36,K
/redfactionguerrillas/Red_Faction_Guerrilla_PAL_Custom-[cdcovers_cc]-front.jpg,776.06,K
/redfactionguerrillas/redfactionguerrillas.jpg,2.82,M
/Resident Evil 5/Resident Evil 5.jpg,1.78,M
/Resident Evil 5/residentevil5.jpg,1010.71,K
/Resident Evil 5/residentevil5t.jpg,975.9,K
/Ricky Ponting 2007 ICC/Ricky Ponting 2007 ICC.jpg,376.33,K
/Ricky Ponting 2007 ICC/Ricky_Ponting_2007_Pal-[cdcovers_cc]-cd1.jpg,2.68,M
/Risen/Risen.jpg,394.53,K
/Rock Band/Rock Band.jpg,1.13,M
/Rock Band/Rock_Band_NTSC-[cdcovers_cc]-cd1.jpg,241.06,K
/Rock Band 2 PAL[1]/Rock Band 2 PAL[1].JPG,2.7,M
/Rumble Roses XX/Rumble Roses XX.jpg,448.83,K
/sacred2y/sacred2y.jpg,945.89,K
/sacred2y/Sacred_2_Fallen_Angel_NTSC_Custom-[cdcovers_cc]-front.jpg,2.2,M
/Saints Row/Saint_Row_custom_360_pal-[cdcovers_cc]-cd1.jpg,379.39,K
/Saints Row/Saints Row.jpg,1.62,M
/Saints Row 2/Saints Row 2.jpg,109.68,K
/Saints Row 2/Saints_Row_2_PAL-[cdcovers_cc]-cd1.jpg,144.86,K
/saw/Saw cover NTSC1.jpg,1.79,M
/saw/Saw cover NTSC2.jpg,3.74,M
/saw/saw.jpg,965.62,K
/saw/SawLabel.jpg,182.81,K
/SBK 08/SBK 08.jpg,831.44,K
/SBK 08/Sbk_08_World_Superbikes_Championship_PAL_Custom-[cdcovers_cc]-cd1.jpg,276.53,K
/SBK 09 cover RF[1]/SBK 09 cover RF[1].JPG,3.49,M
/SBK 09 cover RF[1]/Sbk_09_World_Superbikes_Championship_PAL_Custom-[cdcovers_cc]-cd1.jpg,235.37,K
/Scene it light Camera Action/Scene it light Camera Action.jpg,577.89,K
/secretservicecoverf/Secret_Service_NTSC-[cdcovers_cc]-front.jpg,1.54,M
/secretservicecoverf/secretservicecoverf.jpg,871.12,K
/Section 8 cover PAL[1]/Section 8 cover PAL[1].JPG,4.32,M
/Section 8 cover PAL[1]/Section8-Jesse.jpg,1.11,M
/sega megadrive ultimate collection cover-pal_uk[1]/sega megadrive ultimate collection cover-pal_uk[1].JPG,8.32,M
/sega megadrive ultimate collection cover-pal_uk[1]/Sega_Mega_Drive_Ultimate_Collection_PAL-[cdcovers_cc]-cd1.jpg,904.35,K
/Sega Rally/Sega Rally.jpg,986.83,K
/Sega Rally/Sega_Rally_NTSC_Custom-[cdcovers_cc]-cd1.jpg,964.28,K
/Sega Rally Revo/Sega Rally Revo.jpg,352.98,K
/Sega Rally Revo/Sega_Rally_Revo_PAL_Custom-[cdcovers_cc]-cd1.jpg,241.41,K
/Sega Superstars Tennis/Sega Superstars Tennis.jpg,1.93,M
/Sega Superstars Tennis/Sega_Superstars_Tennis_PAL_Custom-[cdcovers_cc]-cd1.jpg,223.18,K
/Shadowrun/Shadowrun.jpg,1.08,M
/Shadowrun/Shadowrun_PAL-[cdcovers_cc]-cd1.jpg,1.02,M
/Shadowrun/Shadowrun_PAL_Custom-[cdcovers_cc]-cd1.jpg,214.44,K
/Shrek The Third/Shrek The Third.jpg,471.53,K
/Shrek The Third/Shrek_The_Third__PAL_Custom-[cdcovers_cc]-cd1.jpg,394.45,K
/Skate/Skate.jpg,1.12,M
/Skate/Skate_PAL-[cdcovers_cc]-cd1.jpg,645.46,K
/skate2z/skate2z.jpg,1.58,M
/skate2z/Skate_2_NTSC-[cdcovers_cc]-front.jpg,1.85,M
/Soilder Of Fortune Payback/Soilder Of Fortune Payback.jpg,1.86,M
/Soilder Of Fortune Payback/Soldier_Of_Fortune_-_Payback_PAL_Custom-[cdcovers_cc]-cd1.jpg,139.99,K
/Sonic The Hedgehog/Sonic The Hedgehog.jpg,1.37,M
/Sonic The Hedgehog/Sonic_The_Hedgehog_Custom-[cdcovers_cc]-cd1.jpg,220.93,K
/sonic_unleashed/sonic_unleashed.jpg,1.52,M
/sonic_unleashed/Sonic_Unleashed_NTSC_Custom-[cdcovers_cc]-cd1.jpg,508.03,K
/soulcaliburlv/Soul_Calibur_IV_PAL-[cdcovers_cc]-front.jpg,3.52,M
/soulcaliburlv/soulcaliburlv.jpg,933.41,K
/Spider Man 3/Spider Man 3.jpg,420.19,K
/Spider Man 3/Spider_Man_3_PAL-[cdcovers_cc]-front.jpg,420.19,K
/Spider Man Friend Or Foe/Spider Man Friend Or Foe.jpg,1.99,M
/Spider Man Friend Or Foe/Spider-man_Friend_Or_Foe_NTSC_Custom-[cdcovers_cc]-cd1.jpg,500.76,K
/Star Trek Legacy/Star Trek Legacy.jpg,410.59,K
/Star Wars Force Unleashed/Star Wars Force Unleashed.jpg,352.83,K
/Star Wars Force Unleashed/Star_Wars_The_Force_Unleashed_Custom-[cdcovers_cc]-cd1.jpg,1.02,M
/Star Wars Force Unleashed/Star_Wars_The_Force_Unleashed_PAL-[cdcovers_cc]-front.jpg,1.75,M
/Star Wars Force Unleashed/starwarstfu.jpg,934.06,K
/Street Fighter Anniversary Collection/Street Fighter Anniversary Collection.jpg,529.82,K
/Street Fighter IV Cover[1]/Street Fighter IV Cover[1].JPG,4.71,M
/Street Fighter IV Cover[1]/streetfighteriv3d.jpg,1.68,M
/Street Fighter IV Cover[1]/streetfighterivx.jpg,854.46,K
/Stuntman Ignition/Stuntman Ignition.jpg,437.21,K
/Stuntman Ignition/Stuntman_Ignition_PAL__Custom-[cdcovers_cc]-cd1.jpg,333.44,K
/Summer Athletics 2009 PAL custom[1]/Summer Athletics 2009 PAL custom[1].JPG,3.54,M
/Superman Returns/Superman Returns.jpg,1.89,M
/Surfs Up/Surf's_Up_NTSC_Custom-[cdcovers_cc]-cd1.jpg,437.61,K
/Surfs Up/Surfs Up.jpg,1.93,M
/tekken6custom/tekken6custom.jpg,526.3,K
/tekken6custom/tekken6customfront.jpg,2.17,M
/Tenchu Z/Tenchu Z.jpg,905.5,K
/Tenchu Z/Tenchu_Z_PAL_Custom-[cdcovers_cc]-cd1.jpg,133.26,K
/Tennage Mutant Ninja Turtles/Tennage Mutant Ninja Turtles.jpg,451,K
/Terminator_Salvation/Terminator.savlation.x360_NTSC-[cdcovers_cc]-front.jpg,1.83,M
/Terminator_Salvation/Terminator_Salvation_Custom-[cdcovers_cc]-cd1.jpg,299.65,K
/Test Drive Unlimited xbox360 PAL[1]/Test Drive Unlimited xbox360 PAL[1].JPG,3.74,M
/Test Drive Unlimited xbox360 PAL[1]/Test_Drive_Unlimited_ntsc-[cdcovers_cc]-cd1.jpg,198.73,K
/The Bigs/The Bigs.jpg,1.57,M
/The Bigs/The_Bigs_NTSC_Custom-[cdcovers_cc]-cd1.jpg,396.08,K
/The Bigs 2/The Bigs 2.jpg,263.02,K
/The Darkness/The Darkness.jpg,610.88,K
/The Darkness/The_Darkness_Custom-[cdcovers_cc]-cd1.jpg,547.4,K
/The God Father ll/God Father ll.jpg,824.41,K
/The God Father ll/Godfather 2.jpg,311.02,K
/The God Father ll/godfather2-PAL[1].JPG,3.99,M
/The Godfather/The Godfather.jpg,4.96,M
/The Godfather/The_Godfather_ntsc-[cdcovers_cc]-cd1.jpg,215.75,K
/The Godfather/The_Godfather_The_Game_ntsc_custom-[cdcovers_cc]-cd1.jpg,153.7,K
/The Golden Compass/The Golden Compass.jpg,1.49,M
/The Golden Compass/The_Golden_Compass_PAL_-[cdcovers_cc]-cd1.jpg,604.79,K
/The Incredible Hulk/The Incredible Hulk.jpg,512.19,K
/The Outfit/The Outfit.jpg,526.1,K
/The Simpsons Game/The Simpsons Game.jpg,1.63,M
/The Spiderwick Chronicles/The Spiderwick Chronicles.jpg,2.12,M
/Thrillville Off The Rails/Thrillville Off The Rails.jpg,1019.67,K
/Tiger Woods 06/Tiger Woods 06.jpg,349.98,K
/Tiger Woods 07/Tiger Woods 07.jpg,587.21,K
/Tiger Woods 08/Tiger Woods 08.jpg,1.2,M
/tiger woods 10/tiger woods 10.jpg,1005.38,K
/tna impact pal [1]/tna impact pal [1].JPG,3.96,M
/Tom Clancy End War/Endwar.jpg,1.19,M
/Tom Clancy End War/Tom Clancy End War.jpg,244.04,K
/Tom Clancy End War/Tom_Clancy's_End_War_PAL-[cdcovers_cc]-front.jpg,1.37,M
/Tom Clancy Splinter Cell Conviction/Tom Clancy Splinter Cell Conviction.jpg,1.37,M
/Tomb Raider Anniversary/Tomb Raider Anniversary.jpg,441.04,K
/Tomb Raider Anniversary/Tomb_Raider_Anniversary_NTSC_Custom-[cdcovers_cc]-cd1.jpg,356.25,K
/Tomb Raider Legend/Tomb Raider Legend.jpg,1.98,M
/tombraiderunderworldq/Tomb_Raider_Underworld_Custom-[cdcovers_cc]-cd1.jpg,400.58,K
/tombraiderunderworldq/Tomb_Raider_Underworld_PAL_Custom-[cdcovers_cc]-front.jpg,2.09,M
/tombraiderunderworldq/tombraiderunderworldq.jpg,1.25,M
/Tom_Clancy's_Hawx_/hawx.jpg,687.38,K
/Tom_Clancy's_Hawx_/Tom_Clancy's_Hawx_PAL-[cdcovers_cc]-front.jpg,983.22,K
/Tony Hawks American Wasteland/Tony Hawks American Wasteland.jpg,1.81,M
/Tony Hawks Project 8/Tony Hawks Project 8 PAL.JPG,3.9,M
/Tony Hawks Project 8/Tony Hawks Project 8.jpg,1.15,M
/Tony Hawks Proving Grounds/Tony Hawks Proving Grounds.jpg,627.6,K
/Too Human/Too Human.jpg,1.46,M
/Too Human/Too_Human_NTSC_Custom-[cdcovers_cc]-cd1.jpg,443.46,K
/Topspin3/Topspin3.jpg,850.91,K
/Tranformers ll/Tranformers ll.jpg,1.16,M
/Turning Point Fall Of Liberty/Turning Point Fall Of Liberty.jpg,1.52,M
/Turok/Turok.jpg,251,K
/Two Worlds/Two Worlds.jpg,1.5,M
/Ueafa Champions League 2006 2007/Ueafa Champions League 2006 2007.jpg,422.49,K
/Ueafa Euro 2008/Ueafa Euro 2008.jpg,783.16,K
/UEFA Champions League 2006-2007/UEFA Champions League 2006-2007.jpg,134.27,K
/UEFA Euro 2008/UEFA Euro 2008.jpg,540.53,K
/UFC 2009 Undisputed/UFC 2009 Undisputed.jpg,662.02,K
/ufc2009-PAL[1]/ufc2009-PAL[1].JPG,4.44,M
/ufc2009-PAL[1]/ufc2009y.jpg,1.25,M
/Ultimate Alliance/Ultimate Alliance.jpg,284.2,K
/Universe At War/Universe At War.jpg,1.29,M
/Universe At War Earth Assault/Universe At War Earth Assault.jpg,475.88,K
/Unreal Tournament 3/Unreal Tournament 3.jpg,417.17,K
/Unreal Tournament 3/Unreal Tournement III.jpg,328.05,K
/Up/Up.jpg,381.96,K
/Vampire Rain/Vampire Rain.jpg,1.74,M
/Vampire Rain/Vampire Raincd.jpg,526.52,K
/Velvet Assassin/VELVET ASSASSIN PAL.jpg,4.29,M
/Velvet Assassin/Velvet Assassin.jpg,240.24,K
/Velvet Assassin/velvet_assassin-c-360front-marker-PAL.jpg,3.37,M
/Viking Battle For Asgard/Viking Battle For Asgard.jpg,2.42,M
/Viking Battle For Asgard/Viking Battle For Asgardcd.jpg,384,K
/Virtua Fighter 5/Virtua Fighter 5.jpg,1.59,M
/Virtua Tennis 2009/Virtua Tennis 2009.jpg,514.14,K
/Virtua Tennis 3/Virtua Tennis 3.jpg,460.37,K
/Viva Pinata/Viva Pinata.jpg,251.54,K
/Viva Pinata Party Animals/Viva Pinata Party Animals.jpg,1.86,M
/Viva Pinata Party Animals/Viva Pinata Party Animalscd.jpg,376.32,K
/Viva Pinata Trouble In Paradise/Viva Pinata Trouble In Paradise.jpg,386.1,K
/Wall E/Wall E.jpg,667.61,K
/Wanted Weapons Of Fate/Wanted Weapons Of Fate.jpg,288.49,K
/warhammer - battle march/warhammer - battle march.jpg,1019.26,K
/Warriors Orochi/Warriors Orochi.jpg,1.82,M
/Warriors Orochi/Warriors Orochicd.jpg,342.12,K
/Wartek Senko Ronde/Wartek Senko Ronde.jpg,1.06,M
/WatchMenTtheEndIsNigh/WatchMenTtheEndIsNigh.jpg,1.02,M
/wayofsamurai3cd/wayofsamurai3cd.jpg,493.44,K
/wayofsamurai3cd/wayofthesamurai3frontww.jpg,324.78,K
/Wet/WET-PAL[1].jpg,4.99,M
/Wet/Wet.jpg,963.55,K
/Wet/wetntsc.jpg,232.83,K
/Wet/wheelman--PAL[1].JPG,4.97,M
/wetdiskntsc/wetdiskntsc.jpg,947.35,K
/wheelman/wheelman.jpg,943.12,K
/Winning 11 Pro Evolution/Winning 11 Pro Evolution.jpg,373.25,K
/Wolfenstein/wolfenstein pal[1].JPG,4.82,M
/Wolfenstein/Wolfenstein.jpg,958.8,K
/Wolfenstein/Wolfensteincd.jpg,417.58,K
/World Chamionship Snooker 2007/World Chamionship Snooker 2007.jpg,1.23,M
/World Championship Poker 2/World Championship Poker 2.jpg,188.83,K
/World Championship Poker All IN/World Championship Poker All IN.jpg,1.65,M
/World Series Of Poker 2007/World Series Of Poker 2007.jpg,4.98,M
/World Series Of Poker 2008/World Series Of Poker 2008.jpg,1.69,M
/World Series Of Poker 2008/World Series Of Poker 2008cd.jpg,261.21,K
/World Snooker Championship 2007/World Snooker Championship 2007.jpg,668.83,K
/wtwta/wtwta.jpg,3.31,M
/WWE Legends Of Wrestlemania/legendsofwrestlemaniar.jpg,1.33,M
/WWE Legends Of Wrestlemania/wwe led1.bmp,20.16,M
/WWE Legends Of Wrestlemania/WWE Legend Of Wrestlemania.jpg,90.37,K
/WWE Legends Of Wrestlemania/WWE Legends Of Wrestlemania.jpg,829.15,K
/WWE Smackdown VS Raw 2007/WWE Smackdown VS Raw 2007.jpg,1.19,M
/WWE Smackdown VS Raw 2008/WWE Smackdown VS Raw 2008.jpg,395.25,K
/WWE Smackdown VS Raw 2008/WWE Smackdown VS Raw 2008cd.jpg,1.6,M
/WWE Smackdown VS Raw 2009/WWE Smackdown VS Raw 2009.jpg,371.01,K
/X Men Origins Wolverine/wolusa.jpg,284.73,K
/X Men Origins Wolverine/X Men Origins Wolverine.jpg,335.37,K
/X Men The Official Game/X Men The Official Game.jpg,247.88,K
/X Men The Official Game/X-Men.jpg,1.72,M
/Xbox 360 Original Xbox Game Support 1.2/Xbox 360 Original Xbox Game Support 1.2.jpg,96.2,K
/Xbox Arcade Live/Xbox Arcade Live.jpg,104.53,K
/Xbox Live Arcade Unplugged/Xbox Live Arcade Unplugged.jpg,185.69,K
/Guitar Hero 5.jpg,355.34,K
