Filename,Size,Unit
/0f_1.jpg,21.79,K
/20060210WonderCon-SergioAragones-H-Groo.jpg,32.46,K
/20060210WonderCon-SergioAragones-J-Groo.jpg,34.46,K
/98jy2.jpg,171.76,K
/Actions Speak/Actions Speak #01.cbr,5.42,M
/Actions Speak/Actions Speak #02.cbr,4.99,M
/Actions Speak/Actions Speak #03.cbr,5.74,M
/Actions Speak/Actions Speak #04.cbr,5.76,M
/Actions Speak/Actions Speak #05.cbr,5.29,M
/Actions Speak/Actions Speak #06.cbr,5.47,M
/Aragones%20BCN01a.jpg,293.36,K
/aragones.jpg,32.15,K
/Aragones1.jpg,80.79,K
/Aragones12.jpg,81.21,K
/aragones2.jpg,39.21,K
/Aragones3.jpg,135.35,K
/Aragones_210x250.jpg,123.68,K
/aragones_groo&witches.jpg,377.79,K
/Aragones_GrooWarrior.jpg,558.5,K
/AragonesGroo.jpg,373.28,K
/aragonesgroo1.jpg,454,K
/Aragonesprint.jpg,225.47,K
/art%20005.jpg,393.48,K
/Beth_Groo.jpg,48.55,K
/Blair Witch/Blair Witch.cbr,9.22,M
/Boogeyman/Boogeyman #01.cbr,13.17,M
/Boogeyman/Boogeyman #02.cbr,13.03,M
/Boogeyman/Boogeyman #03.cbr,12.51,M
/Boogeyman/Boogeyman #04.cbr,12.98,M
/cbg9287mbbq3.jpg,140.24,K
/Day Of The Dead/Day Of The Dead.cbr,10.31,M
/Destorys DC/Destorys DC.cbr,28.61,M
/Destroyer Duck #1-7/Destroyer Duck 1.cbr,5.84,M
/Destroyer Duck #1-7/Destroyer Duck 2.cbr,6.13,M
/Destroyer Duck #1-7/Destroyer Duck 3.cbr,6.62,M
/Destroyer Duck #1-7/Destroyer Duck 4.cbr,6.67,M
/Destroyer Duck #1-7/Destroyer Duck 5.cbr,6.89,M
/Destroyer Duck #1-7/Destroyer Duck 6.cbr,4.9,M
/Destroyer Duck #1-7/Destroyer Duck 7.cbr,4.78,M
/DSCN1565.jpg,744.77,K
/DSCN1612.jpg,979.96,K
/fe_1.jpg,17.35,K
/goldenapplecardregxh6.gif,49.83,K
/Groo v1/Groo The Wanderer v1 #1.cbr,14.42,M
/Groo v1/Groo The Wanderer v1 #2.cbr,9.76,M
/Groo v1/Groo The Wanderer v1 #3.cbr,9.22,M
/Groo v1/Groo The Wanderer v1 #4.cbr,9.14,M
/Groo v1/Groo The Wanderer v1 #5.cbr,8.48,M
/Groo v1/Groo The Wanderer v1 #6.cbr,8.79,M
/Groo v1/Groo The Wanderer v1 #7.cbr,8.77,M
/Groo v1/Groo The Wanderer v1 #8.cbr,8.72,M
/Groo v2/Groo The Wanderer v2  #085.cbr,8.86,M
/Groo v2/Groo The Wanderer V2 #001.cbr,12.11,M
/Groo v2/Groo The Wanderer V2 #002.cbr,11.8,M
/Groo v2/Groo The Wanderer V2 #003.cbr,10.02,M
/Groo v2/Groo The Wanderer V2 #004.cbr,9.21,M
/Groo v2/Groo The Wanderer V2 #005.cbr,9.55,M
/Groo v2/Groo The Wanderer V2 #006.cbr,9.6,M
/Groo v2/Groo The Wanderer V2 #007.cbr,9.28,M
/Groo v2/Groo The Wanderer V2 #008.cbr,9.52,M
/Groo v2/Groo The Wanderer V2 #009.cbr,8.77,M
/Groo v2/Groo The Wanderer V2 #010.cbr,10.54,M
/Groo v2/Groo The Wanderer V2 #011.cbr,10,M
/Groo v2/Groo The Wanderer V2 #012.cbr,9.11,M
/Groo v2/Groo The Wanderer V2 #013.cbr,9.48,M
/Groo v2/Groo The Wanderer V2 #014.cbr,9.54,M
/Groo v2/Groo The Wanderer V2 #015.cbr,8.9,M
/Groo v2/Groo The Wanderer V2 #016.cbr,9.23,M
/Groo v2/Groo The Wanderer V2 #017.cbr,9.67,M
/Groo v2/Groo The Wanderer V2 #018.cbr,9.08,M
/Groo v2/Groo The Wanderer V2 #019.cbr,9.56,M
/Groo v2/Groo The Wanderer V2 #020.cbr,12.3,M
/Groo v2/Groo The Wanderer V2 #021.cbr,9.03,M
/Groo v2/Groo The Wanderer V2 #022.cbr,9.56,M
/Groo v2/Groo The Wanderer V2 #023.cbr,9.83,M
/Groo v2/Groo The Wanderer V2 #024.cbr,10.12,M
/Groo v2/Groo The Wanderer V2 #025.cbr,9.23,M
/Groo v2/Groo The Wanderer V2 #026.cbr,9.24,M
/Groo v2/Groo The Wanderer V2 #027.cbr,8.69,M
/Groo v2/Groo The Wanderer V2 #028.cbr,8.74,M
/Groo v2/Groo The Wanderer V2 #029.cbr,8.96,M
/Groo v2/Groo The Wanderer V2 #030.cbr,9.45,M
/Groo v2/Groo The Wanderer V2 #031.cbr,9.18,M
/Groo v2/Groo The Wanderer V2 #032.cbr,9.36,M
/Groo v2/Groo The Wanderer V2 #033.cbr,10.37,M
/Groo v2/Groo The Wanderer V2 #034.cbr,9.3,M
/Groo v2/Groo The Wanderer V2 #035.cbr,8.95,M
/Groo v2/Groo The Wanderer V2 #036.cbr,8.84,M
/Groo v2/Groo The Wanderer V2 #037.cbr,9.3,M
/Groo v2/Groo The Wanderer V2 #038.cbr,8.95,M
/Groo v2/Groo The Wanderer V2 #039.cbr,8.84,M
/Groo v2/Groo The Wanderer V2 #040.cbr,9.65,M
/Groo v2/Groo The Wanderer V2 #041.cbr,10.27,M
/Groo v2/Groo The Wanderer V2 #042.cbr,9.46,M
/Groo v2/Groo The Wanderer V2 #043.cbr,9.13,M
/Groo v2/Groo The Wanderer V2 #044.cbr,9.04,M
/Groo v2/Groo The Wanderer V2 #045.cbr,8.95,M
/Groo v2/Groo The Wanderer V2 #046.cbr,9.42,M
/Groo v2/Groo The Wanderer V2 #047.cbr,9.36,M
/Groo v2/Groo The Wanderer V2 #048.cbr,9.32,M
/Groo v2/Groo The Wanderer V2 #049.cbr,9.24,M
/Groo v2/Groo The Wanderer V2 #050.cbr,15.27,M
/Groo v2/Groo The Wanderer V2 #051.cbr,9.73,M
/Groo v2/Groo The Wanderer V2 #052.cbr,8.89,M
/Groo v2/Groo The Wanderer V2 #053.cbr,9.1,M
/Groo v2/Groo The Wanderer V2 #054.cbr,9.38,M
/Groo v2/Groo The Wanderer V2 #055.cbr,9.27,M
/Groo v2/Groo The Wanderer V2 #056.cbr,8.78,M
/Groo v2/Groo The Wanderer V2 #057.cbr,9.14,M
/Groo v2/Groo The Wanderer V2 #058.cbr,9.25,M
/Groo v2/Groo The Wanderer V2 #059.cbr,8.9,M
/Groo v2/Groo The Wanderer V2 #060.cbr,9.68,M
/Groo v2/Groo The Wanderer V2 #061.cbr,8.93,M
/Groo v2/Groo The Wanderer V2 #062.cbr,8.92,M
/Groo v2/Groo The Wanderer V2 #063.cbr,9.13,M
/Groo v2/Groo The Wanderer V2 #064.cbr,9.25,M
/Groo v2/Groo The Wanderer V2 #065.cbr,9.41,M
/Groo v2/Groo The Wanderer V2 #066.cbr,9.46,M
/Groo v2/Groo The Wanderer V2 #067.cbr,9.03,M
/Groo v2/Groo The Wanderer V2 #068.cbr,9.72,M
/Groo v2/Groo The Wanderer V2 #069.cbr,9.56,M
/Groo v2/Groo The Wanderer V2 #070.cbr,8.34,M
/Groo v2/Groo The Wanderer V2 #071.cbr,9.4,M
/Groo v2/Groo The Wanderer V2 #072.cbr,8.77,M
/Groo v2/Groo The Wanderer V2 #073.cbr,8.85,M
/Groo v2/Groo The Wanderer V2 #074.cbr,8.53,M
/Groo v2/Groo The Wanderer V2 #075.cbr,8.18,M
/Groo v2/Groo The Wanderer v2 #076.cbr,9.2,M
/Groo v2/Groo The Wanderer v2 #077.cbr,8.46,M
/Groo v2/Groo The Wanderer v2 #078.cbr,9.02,M
/Groo v2/Groo The Wanderer v2 #079.cbr,8.84,M
/Groo v2/Groo The Wanderer v2 #080.cbr,8.53,M
/Groo v2/Groo The Wanderer v2 #081.cbr,9.35,M
/Groo v2/Groo The Wanderer v2 #082.cbr,8.91,M
/Groo v2/Groo The Wanderer v2 #083.cbr,8.81,M
/Groo v2/Groo The Wanderer v2 #084.cbr,8.72,M
/Groo v2/Groo The Wanderer v2 #086.cbr,9,M
/Groo v2/Groo The Wanderer v2 #087.cbr,12.12,M
/Groo v2/Groo The Wanderer v2 #088.cbr,11.59,M
/Groo v2/Groo The Wanderer v2 #089.cbr,11.48,M
/Groo v2/Groo The Wanderer v2 #090.cbr,11.21,M
/Groo v2/Groo The Wanderer v2 #091.cbr,11.89,M
/Groo v2/Groo The Wanderer v2 #092.cbr,11.25,M
/Groo v2/Groo The Wanderer v2 #093.cbr,11.59,M
/Groo v2/Groo The Wanderer v2 #094.cbr,11.4,M
/Groo v2/Groo The Wanderer v2 #095.cbr,11.02,M
/Groo v2/Groo The Wanderer v2 #096.cbr,11.19,M
/Groo v2/Groo The Wanderer v2 #097.cbr,11.02,M
/Groo v2/Groo The Wanderer v2 #098.cbr,11.01,M
/Groo v2/Groo The Wanderer v2 #099.cbr,10.93,M
/Groo v2/Groo The Wanderer v2 #100.cbr,17.16,M
/Groo v2/Groo The Wanderer v2 #101.cbr,10.19,M
/Groo v2/Groo The Wanderer v2 #102.cbr,9.84,M
/Groo v2/Groo The Wanderer v2 #103.cbr,10.45,M
/Groo v2/Groo The Wanderer v2 #104.cbr,10.31,M
/Groo v2/Groo The Wanderer v2 #105.cbr,10.83,M
/Groo v2/Groo The Wanderer v2 #106.cbr,11.21,M
/Groo v2/Groo The Wanderer v2 #107.cbr,10.16,M
/Groo v2/Groo The Wanderer v2 #108.cbr,10.65,M
/Groo v2/Groo The Wanderer v2 #109.cbr,11.19,M
/Groo v2/Groo The Wanderer v2 #110.cbr,10.27,M
/Groo v2/Groo The Wanderer v2 #111.cbr,10.88,M
/Groo v2/Groo The Wanderer v2 #112.cbr,10.22,M
/Groo v2/Groo The Wanderer v2 #113.cbr,10.67,M
/Groo v2/Groo The Wanderer v2 #114.cbr,10.21,M
/Groo v2/Groo The Wanderer v2 #115.cbr,9.7,M
/Groo v2/Groo The Wanderer v2 #116.cbr,10.05,M
/Groo v2/Groo The Wanderer v2 #117.cbr,10.91,M
/Groo v2/Groo The Wanderer v2 #118.cbr,10.61,M
/Groo v2/Groo The Wanderer v2 #119.cbr,10.56,M
/Groo v2/Groo The Wanderer v2 #120.cbr,12.44,M
/Groo v3/Groo v3 001.cbr,11.51,M
/Groo v3/Groo v3 002.cbr,11.12,M
/Groo v3/Groo v3 003.cbr,11.49,M
/Groo v3/Groo v3 004.cbr,14.46,M
/Groo v3/Groo v3 005.cbr,14.12,M
/Groo v3/Groo v3 006.cbr,13.18,M
/Groo v3/Groo v3 007.cbr,11.14,M
/Groo v3/Groo v3 008.cbr,15.79,M
/Groo v3/Groo v3 009.cbr,10.69,M
/Groo v3/Groo v3 010.cbr,11.21,M
/Groo v3/Groo v3 011.cbr,14.63,M
/Groo v3/Groo v3 012.cbr,12.27,M
/Groo v4/Groo v4 001.cbr,13.79,M
/Groo v4/Groo v4 002.cbr,13.29,M
/Groo v4/Groo v4 003.cbr,13.18,M
/Groo v4/Groo v4 004.cbr,13.27,M
/Groo%20-%20Splash.jpg,45.79,K
/Groo%20clock%202.jpg,27.67,K
/groo-sergio%20aragones.jpg,226.47,K
/Groo.jpg,814.97,K
/Groo1.jpg,487.07,K
/groo2.jpg,603.52,K
/groo4.jpg,492.51,K
/groocolorpinup.jpg,124.74,K
/groodallas2nc2.jpg,246.22,K
/groodrawing_aragones.jpg,115.62,K
/groogermansmallxd6.jpg,288.36,K
/groomagnetxx2.jpg,46.17,K
/GROOpinup.jpg,373.01,K
/groovsusagi2bk.jpg,58.58,K
/HK007BaltCon.jpg,128.89,K
/Inside Image 22-signed.jpg,82.62,K
/Inside Image_25.gif,200.59,K
/Joven%20Groo%20Granada%2006.jpg,294.33,K
/Louder Than Words/Louder Than Words #01.cbr,5.22,M
/Louder Than Words/Louder Than Words #02.cbr,5.21,M
/Louder Than Words/Louder Than Words #03.cbr,6,M
/Louder Than Words/Louder Than Words #04.cbr,6,M
/Louder Than Words/Louder Than Words #05.cbr,5.2,M
/Louder Than Words/Louder Than Words #06.cbr,4.75,M
/Massacres Marvel/Massacres Marvel.cbr,32.36,M
/Mighty Magnor/Mighty_Magnor__1.cbr,15.62,M
/Mighty Magnor/Mighty_Magnor__2.cbr,15.59,M
/Mighty Magnor/Mighty_Magnor__3.cbr,13.79,M
/Mighty Magnor/Mighty_Magnor__4.cbr,13.35,M
/Mighty Magnor/Mighty_Magnor__5.cbr,12.84,M
/Mighty Magnor/Mighty_Magnor__6.cbr,12.5,M
/R006.jpg,189.51,K
/s640x480xv1.jpg,34.51,K
/sagroosp.jpg,242.05,K
/sagroowdrawings.jpg,201.9,K
/sagroowdrawingsedit.jpg,182.67,K
/Sakai-Aragones-Usagi-Groo.jpg,422.97,K
/scan0001.jpg,402.23,K
/scan0003.jpg,468.75,K
/scan0005.jpg,369.37,K
/scan0012%20copy.jpg,185.73,K
/serg02.jpg,64.12,K
/serg03.jpg,110.45,K
/sergio%2075.jpg,201.7,K
/sergio.jpg,60.43,K
/sergio5.jpg,107.01,K
/sergio_groo.jpg,317.91,K
/SketchGrooAragones.jpg,41.76,K
/Solo (DC Comics)/Solo 01 - Tim Sale.cbr,19.13,M
/Solo (DC Comics)/Solo 02 - Richard Corben.cbr,25.39,M
/Solo (DC Comics)/Solo 03 - Paul Pope.cbr,34.79,M
/Solo (DC Comics)/Solo 04 - Howard Chaykin.cbr,38.07,M
/Solo (DC Comics)/Solo 05 - Darwyn Cooke.cbr,29.15,M
/Solo (DC Comics)/Solo 06 - Jordi Bernet.cbr,34.61,M
/Solo (DC Comics)/Solo 07 - Michael Allred.cbr,29.4,M
/Solo (DC Comics)/Solo 08 - Teddy Kristiansen.cbr,24.5,M
/Solo (DC Comics)/Solo 09 - Scott Hampton.cbr,17.08,M
/Solo (DC Comics)/Solo 10 - Damion Scott.cbr,9.6,M
/Solo (DC Comics)/Solo 11 - Sergio Aragones.cbr,19.98,M
/Solo (DC Comics)/Solo 12 - Brendan McCarthy.cbr,24.98,M
/Space Circus/Space Circus #01.cbr,16.81,M
/Space Circus/Space Circus #02.cbr,20.43,M
/Space Circus/Space Circus #03.cbr,19.05,M
/Space Circus/Space Circus #04.cbr,17.46,M
/Specials & Miniseries/Dark Horse Presents - Annual 1999.cbr,24.94,M
/Specials & Miniseries/Death of Groo The Wanderer v1 001.cbr,23.03,M
/Specials & Miniseries/Groo & Rufferto/Groo & Rufferto v1 001.cbr,9.58,M
/Specials & Miniseries/Groo & Rufferto/Groo & Rufferto v1 002.cbr,8.98,M
/Specials & Miniseries/Groo & Rufferto/Groo & Rufferto v1 003.cbr,8.9,M
/Specials & Miniseries/Groo & Rufferto/Groo & Rufferto v1 004.cbr,8.79,M
/Specials & Miniseries/Groo - Eclipse Special 01.cbr,15.19,M
/Specials & Miniseries/Groo- Death And Taxes/Groo- Death And Taxes v1 001.cbr,13.9,M
/Specials & Miniseries/Groo- Death And Taxes/Groo- Death And Taxes v1 002.cbr,12.14,M
/Specials & Miniseries/Groo- Death And Taxes/Groo- Death And Taxes v1 003.cbr,11.85,M
/Specials & Miniseries/Groo- Death And Taxes/Groo- Death And Taxes v1 004.cbr,13.3,M
/Specials & Miniseries/Groo- Mightier Than The Sword/Groo- Mightier Than The Sword v1 001.cbr,12,M
/Specials & Miniseries/Groo- Mightier Than The Sword/Groo- Mightier Than The Sword v1 002.cbr,11.35,M
/Specials & Miniseries/Groo- Mightier Than The Sword/Groo- Mightier Than The Sword v1 003.cbr,11.53,M
/Specials & Miniseries/Groo- Mightier Than The Sword/Groo- Mightier Than The Sword v1 004.cbr,13.03,M
/Specials & Miniseries/Life of Groo The Wanderer v1 001.cbr,24.52,M
/Specials & Miniseries/Starslayer #05.cbz,8.34,M
/stansgrooprintwe4.jpg,101.61,K
/stansgrooprintwe4edit.jpg,174.11,K
/Steve_Groo.jpg,81.94,K
/Stomps Star Wars/Stomps Star Wars.cbr,13.86,M
/telegraphwirecomicsandcev6.jpg,33.04,K
/Tracked_by_Demonoid_com.txt,34,B
/wittyworldde1.gif,70.68,K
/wondercon9zo1.jpg,155.99,K
