Filename,Size,Unit
/Abara-01to02/Abara-v02.cbr,74.91,M
/Abara-01to02/Abara-v01.cbr,68.93,M
/AkumaDeJunai-01to02/Akuma_de_Junai_v02[megKF].cbr,39.03,M
/AkumaDeJunai-01to02/Akuma_de_Junai_v01[megKF].cbr,35.81,M
/Arcana-01to02/Arcana_v01[e-b_hngo].cbr,44.51,M
/Arcana-01to02/Arcana_v02[e-b_hngo_SScans].cbr,43.54,M
/AsTheGodOfDeathDictates-01to02/As_the_God_of_Death_Dictates_v02[DV].cbr,39.4,M
/AsTheGodOfDeathDictates-01to02/As_the_God_of_Death_Dictates_v01[DV].cbr,37.46,M
/AtashiWaBambi-01to03/Atashi_wa_Bambi_v01[hush].cbr,25.53,M
/AtashiWaBambi-01to03/Atashi_wa_Bambi_v02[hush].cbr,22.11,M
/AtashiWaBambi-01to03/Atashi_wa_Bambi_v03[hush].cbr,14.96,M
/BadCompany-01to10/Bad_Company_ch01.cbr,10.57,M
/BadCompany-01to10/Bad_Company_ch02.cbr,10.51,M
/BadCompany-01to10/Bad_Company_ch05.cbr,6.32,M
/BadCompany-01to10/Bad_Company_ch10.cbr,5.54,M
/BadCompany-01to10/Bad_Company_ch06.cbr,5.29,M
/BadCompany-01to10/Bad_Company_ch04.cbr,5.09,M
/BadCompany-01to10/Bad_Company_ch07.cbr,5.07,M
/BadCompany-01to10/Bad_Company_ch03.cbr,5.05,M
/BadCompany-01to10/Bad_Company_ch08.cbr,5,M
/BadCompany-01to10/Bad_Company_ch09.cbr,4.79,M
/Believers-01to02/Believers_v01[Hawks].cbr,34.65,M
/Believers-01to02/Believers_v02[Hawks].cbr,34.33,M
/BloodTheLastVampire-01/Blood_-_The_last_Vampire_vol1[M-S].cbr,29.31,M
/BloodTheLastVampire-01/Blood_-_The_last_Vampire_ch3[M-S].cbr,6.43,M
/BloodTheLastVampire-01/Blood_-_The_last_Vampire_ch6[M-S].cbr,5.25,M
/BloodTheLastVampire-01/Blood_-_The_last_Vampire_ch1[M-S].cbr,4.98,M
/BloodTheLastVampire-01/Blood_-_The_last_Vampire_ch5[M-S].cbr,4.87,M
/BloodTheLastVampire-01/Blood_-_The_last_Vampire_ch2[M-S].cbr,4.41,M
/BloodTheLastVampire-01/Blood_-_The_last_Vampire_ch4[M-S].cbr,3.08,M
/BlueDragon-01to29/Blue_Dragon_ch001[MB].cbr,20.54,M
/BlueDragon-01to29/Blue_Dragon_ch22[Blue_Dragon].cbr,17.59,M
/BlueDragon-01to29/Blue_Dragon_ch25[Blue_Dragon].cbr,15.69,M
/BlueDragon-01to29/Blue_Dragon_ch12[Blue_Dragon].cbr,14.75,M
/BlueDragon-01to29/Blue_Dragon_ch002[MB].cbr,14.26,M
/BlueDragon-01to29/Blue_Dragon_ch21[Blue_Dragon].cbr,14.01,M
/BlueDragon-01to29/Blue_Dragon_ch005[MangaBuzz].cbr,12.05,M
/BlueDragon-01to29/Blue_Dragon_ch11[Blue_Dragon].cbr,11.05,M
/BlueDragon-01to29/Blue_Dragon_ch20[Blue_Dragon].cbr,8.99,M
/BlueDragon-01to29/Blue_Dragon_ch18[Blue_Dragon].cbr,8.83,M
/BlueDragon-01to29/Blue_Dragon_ch006.cbr,8.5,M
/BlueDragon-01to29/Blue_Dragon_ch004[MB_Yume].cbr,7.82,M
/BlueDragon-01to29/Blue_Dragon_ch007[MB].cbr,7.6,M
/BlueDragon-01to29/Blue_Dragon_ch17[Blue_Dragon].cbr,7.36,M
/BlueDragon-01to29/Blue_Dragon_ch24[Blue_Dragon].cbr,7.19,M
/BlueDragon-01to29/Blue_Dragon_ch27[Blue_Dragon].cbr,6.72,M
/BlueDragon-01to29/Blue_Dragon_ch009[AJ-Scans].cbr,6.63,M
/BlueDragon-01to29/Blue_Dragon_ch13[Blue_Dragon].cbr,6.53,M
/BlueDragon-01to29/Blue_Dragon_ch16[Blue_Dragon].cbr,6.23,M
/BlueDragon-01to29/Blue_Dragon_ch10[Blue_Dragon].cbr,6,M
/BlueDragon-01to29/Blue_Dragon_ch008[AJ-Scans].cbr,5.88,M
/BlueDragon-01to29/Blue_Dragon_ch14[Blue_Dragon].cbr,5.38,M
/BlueDragon-01to29/Blue_Dragon_ch26[Blue_Dragon].cbr,5.35,M
/BlueDragon-01to29/Blue_Dragon_ch15[Blue_Dragon].cbr,5.27,M
/BlueDragon-01to29/Blue_Dragon_ch29[Blue_Dragon].cbr,5.19,M
/BlueDragon-01to29/Blue_Dragon_ch28[Blue_Dragon].cbr,4.93,M
/BlueDragon-01to29/Blue_Dragon_ch19[Blue_Dragon].cbr,4.88,M
/BlueDragon-01to29/Blue_Dragon_ch23[Blue_Dragon].cbr,4.68,M
/BlueDragon-01to29/Blue_Dragon_ch003[MB].cbr,4.08,M
/ChizumiAndFujiomi-01to03/Chizumi_and_Fujiomi_v01[MangaSync].cbr,28.6,M
/ChizumiAndFujiomi-01to03/Chizumi_and_Fujiomi_v02[MangaSync].cbr,16.59,M
/ChizumiAndFujiomi-01to03/Chizumi_and_Fujiomi_v03[MangaSync].cbr,15.18,M
/DaCapo-01to02/Da_Capo_v02[TEA].cbr,30.13,M
/DaCapo-01to02/Da_Capo_v01[MonE].cbr,27.36,M
/DakedoHappyParadise-01to02/Dakedo_Happy_Paradise_v01[VK].cbr,45.47,M
/DakedoHappyParadise-01to02/Dakedo_Happy_Paradise_v02_c008[VK].cbr,17.89,M
/DakedoHappyParadise-01to02/Dakedo_Happy_Paradise_v02_c006[VK].cbr,16.71,M
/DakedoHappyParadise-01to02/Dakedo_Happy_Paradise_v02_c007[VK].cbr,14.42,M
/DakedoHappyParadise-01to02/Dakedo_Happy_Paradise_v02_c005[VK].cbr,6.85,M
/DearMine-01to04/Dear_Mine_v01[ed].cbr,30,M
/DearMine-01to04/Dear_Mine_v03[ed].cbr,27.9,M
/DearMine-01to04/Dear_Mine_v02[ed].cbr,26.89,M
/DearMine-01to04/Dear_Mine_v04[ed].cbr,22.96,M
/DigimonAdventureVTamer-01to09/Digimon_Adventure-V-Tamer_vol08[DATS].cbr,60.27,M
/DigimonAdventureVTamer-01to09/Digimon_Adventure-V-Tamer_vol09_c053[DATS].cbr,14.91,M
/DigimonAdventureVTamer-01to09/Digimon_Adventure-V-Tamer_vol09_c054[DATS].cbr,11.62,M
/DigimonAdventureVTamer-01to09/Digimon_Adventure-V-Tamer_vol09_c055[DATS].cbr,10.42,M
/DigimonAdventureVTamer-01to09/Digimon_Adventure-V-Tamer_vol09_c058[DATS].cbr,8.63,M
/DigimonAdventureVTamer-01to09/Digimon_Adventure-V-Tamer_vol09_c056[DATS].cbr,8.11,M
/DigimonAdventureVTamer-01to09/Digimon_Adventure-V-Tamer_vol09_c057[DATS].cbr,8.06,M
/DigimonDCyber-01to02/Digimon_D-Cyber_vol02_ch008[M-O].cbr,8.86,M
/DigimonDCyber-01to02/Digimon_D-Cyber_vol01_ch002[M-O].cbr,7.76,M
/DigimonDCyber-01to02/Digimon_D-Cyber_vol02_ch010[M-O].cbr,7.45,M
/DigimonDCyber-01to02/Digimon_D-Cyber_vol02_ch014[M-O].cbr,7.35,M
/DigimonDCyber-01to02/Digimon_D-Cyber_vol02_ch013[M-O].cbr,7.25,M
/DigimonDCyber-01to02/Digimon_D-Cyber_vol02_ch011[M-O].cbr,7.23,M
/DigimonDCyber-01to02/Digimon_D-Cyber_vol02_ch009[M-O].cbr,7.16,M
/DigimonDCyber-01to02/Digimon_D-Cyber_vol01_ch006[M-O].cbr,7.13,M
/DigimonDCyber-01to02/Digimon_D-Cyber_vol02_ch012[M-O].cbr,7.06,M
/DigimonDCyber-01to02/Digimon_D-Cyber_vol01_ch001[M-O].cbr,7.03,M
/DigimonDCyber-01to02/Digimon_D-Cyber_vol01_ch005[M-O].cbr,7,M
/DigimonDCyber-01to02/Digimon_D-Cyber_vol01_ch003[M-O].cbr,6.7,M
/DigimonDCyber-01to02/Digimon_D-Cyber_vol01_ch004[M-O].cbr,5.91,M
/DigimonVTamer-01to07/Digimon_V-Tamer_vol05[D-H_WtW].cbr,47.84,M
/DigimonVTamer-01to07/Digimon_V-Tamer_vol06[WtW].cbr,47.4,M
/DigimonVTamer-01to07/Digimon_V-Tamer_vol07[WtW_DATS].cbr,46.03,M
/DigimonVTamer-01to07/Digimon_V-Tamer_vol03[D-H].cbr,39.32,M
/DigimonVTamer-01to07/Digimon_V-Tamer_vol04[D-H].cbr,38.25,M
/DigimonVTamer-01to07/Digimon_V-Tamer_vol01[M-O].cbr,36.66,M
/DigimonVTamer-01to07/Digimon_V-Tamer_vol02[M-O_D-H].cbr,32,M
/DNA-01to05/DNA2_vol04.cbz,19.98,M
/DNA-01to05/DNA2_vol03.cbz,19.81,M
/DNA-01to05/DNA2_vol01.cbz,19.38,M
/DNA-01to05/DNA2_vol05.cbz,16.66,M
/DNA-01to05/DNA2_vol02.cbz,15.04,M
/FireCandy-01to07/Fire_Candy_vol01.cbz,55.89,M
/FireCandy-01to07/Fire_Candy_v02_c01[SnoopyCool].cbr,10.86,M
/FireCandy-01to07/Fire_candy_v02_c10[SC].cbz,7.27,M
/FireCandy-01to07/Fire_candy_v02_c08[SC].cbz,6.19,M
/FireCandy-01to07/Fire_Candy_v02_c04[SnoopyCool].cbr,5.18,M
/FireCandy-01to07/Fire_Candy_v02_c07[SnoopyCool].cbr,4.95,M
/FireCandy-01to07/Fire_Candy_v02_c06[SnoopyCool].cbr,4.9,M
/FireCandy-01to07/Fire_candy_v02_c09[SC].cbz,4.7,M
/FireCandy-01to07/Fire_Candy_vol02_ch03.cbr,4.52,M
/FireCandy-01to07/Fire_Candy_v02_c05[SnoopyCool].cbr,4.09,M
/FireCandy-01to07/Fire_Candy_vol02_ch02.cbr,3.83,M
/H2-01to34/H2_vol01.cbz,35.49,M
/H2-01to34/H2_vol02.cbz,34.21,M
/H2-01to34/H2_vol03.cbz,31.26,M
/H2-01to34/H2_v24[ms].cbz,28.84,M
/H2-01to34/H2_vol13.cbr,28.31,M
/H2-01to34/H2_v25[MS].cbr,28.16,M
/H2-01to34/H2_v34[N-D].cbr,27.39,M
/H2-01to34/H2_v33[N-D].cbr,26.74,M
/H2-01to34/H2_vol11.cbr,26.36,M
/H2-01to34/H2_v22[ms].cbz,26.09,M
/H2-01to34/H2_vol06.cbz,25.71,M
/H2-01to34/H2_vol14.cbr,25.67,M
/H2-01to34/H2_v23[ms].cbz,25.39,M
/H2-01to34/H2_vol17.cbr,25.2,M
/H2-01to34/H2_v31[N-D].cbr,25.15,M
/H2-01to34/H2_vol21[MS].cbz,25.12,M
/H2-01to34/H2_vol09.cbz,25.04,M
/H2-01to34/H2_vol19[MS].cbz,24.9,M
/H2-01to34/H2_vol05.cbz,24.9,M
/H2-01to34/H2_vol18.cbr,24.66,M
/H2-01to34/H2_v32[N-D].cbr,24.57,M
/H2-01to34/H2_vol08.cbz,24.43,M
/H2-01to34/H2_vol15.cbr,24.28,M
/H2-01to34/H2_v29[N-D].cbr,24.19,M
/H2-01to34/H2_vol12.cbr,24.17,M
/H2-01to34/H2_v30[N-D].cbr,24.14,M
/H2-01to34/H2_vol20[MS].cbz,24.03,M
/H2-01to34/H2_vol07.cbz,23.91,M
/H2-01to34/H2_vol04.cbz,23.82,M
/H2-01to34/H2_v27[N-D].cbr,23.27,M
/H2-01to34/H2_vol10.cbr,23.24,M
/H2-01to34/H2_v26[N-D].cbr,22.94,M
/H2-01to34/H2_v28[N-D].cbr,22.79,M
/H2-01to34/H2_vol16.cbr,22.15,M
/HotMilk-01to19/HotMilk_v01c01[AW].cbr,4.29,M
/HotMilk-01to19/HotMilk_v01_special[AW].cbr,4.23,M
/HotMilk-01to19/HotMilk_v02c13[AW].cbr,3.34,M
/HotMilk-01to19/HotMilk_v02c09[AW].cbr,2.69,M
/HotMilk-01to19/HotMilk_v01c07[AW].cbr,2.59,M
/HotMilk-01to19/HotMilk_v01c08[AW].cbr,2.5,M
/HotMilk-01to19/HotMilk_v02c11[AW].cbr,2.38,M
/HotMilk-01to19/HotMilk_v02c10[AW].cbr,2.34,M
/HotMilk-01to19/HotMilk_v02c14[AW].cbr,2.3,M
/HotMilk-01to19/HotMilk_v02_omake[AW].cbr,2.28,M
/HotMilk-01to19/HotMilk_v01c06[AW].cbr,2.28,M
/HotMilk-01to19/HotMilk_v02c15[AW].cbr,2.25,M
/HotMilk-01to19/HotMilk_v01c04[AW].cbr,2.21,M
/HotMilk-01to19/HotMilk_v01c03[AW].cbr,2.14,M
/HotMilk-01to19/HotMilk_v01c02[AW].cbr,2,M
/HotMilk-01to19/HotMilk_v02c12[AW].cbr,1.95,M
/HotMilk-01to19/HotMilk_v01c05[AW].cbr,1.88,M
/HotMilk-01to19/HotMilk_v02c16[AW].cbr,1.7,M
/HotMilk-01to19/HotMilk_v02c17[AW].cbr,1.61,M
/HotMilk-01to19/HotMilk_v02c19[AW].cbr,1.49,M
/HotMilk-01to19/HotMilk_v02c18[AW].cbr,1.46,M
/Itadakimasu-01to04/Itadakimasu_v03[condensation].cbr,31.75,M
/Itadakimasu-01to04/Itadakimasu_v04[condensation].cbr,30.39,M
/Itadakimasu-01to04/Itadakimasu_v01[condensation].cbr,29.23,M
/Itadakimasu-01to04/Itadakimasu_v02[condensation].cbr,28.17,M
/KagenNoTsuki-01to03/Kagen_no_Tsuki_v01[S-I-H].cbr,30.15,M
/KagenNoTsuki-01to03/Kagen_no_Tsuki_v03[S-I-H].cbr,29.41,M
/KagenNoTsuki-01to03/Kagen_no_Tsuki_v02[S-I-H].cbr,25.81,M
/KagomeKagome-01to03/Kagome_Kagome_v03[MT].cbr,60.36,M
/KagomeKagome-01to03/Kagome_Kagome_v02[MT].cbr,55.51,M
/KagomeKagome-01to03/Kagome_Kagome_v01[MT].cbr,54.74,M
/Kamichu-01to19/kamichu_ch01.cbr,20.63,M
/Kamichu-01to19/Kamichu_v02_c016[dynasty].cbr,5.81,M
/Kamichu-01to19/kamichu_v02_c019[dynasty][end].cbr,5.69,M
/Kamichu-01to19/kamichu_ch02[dynasty].cbr,4.63,M
/Kamichu-01to19/Kamichu_v02_c018[dynasty].cbr,4.51,M
/Kamichu-01to19/Kamichu_v02_c014[dynasty].cbr,4.42,M
/Kamichu-01to19/Kamichu_v02_c017[dynasty].cbr,4.26,M
/Kamichu-01to19/kamichu_ch03[dynasty].cbr,4.22,M
/Kamichu-01to19/kamichu_ch04[dynasty].cbr,4.15,M
/Kamichu-01to19/kamichu_ch006[dynasty].cbr,4.14,M
/Kamichu-01to19/kamichu_ch007[dynasty].cbr,3.83,M
/Kamichu-01to19/kamichu_ch005[dynasty].cbr,3.83,M
/Kamichu-01to19/Kamichu_v02_c015[dynasty].cbr,3.34,M
/Kamichu-01to19/kamichu_ch012[dynasty].cbr,2.8,M
/Kamichu-01to19/Kamichu_v02_c013[dynasty-scans].cbr,2.62,M
/Kamichu-01to19/kamichu_ch009[dynasty].cbr,2.28,M
/Kamichu-01to19/kamichu_ch011[dynasty].cbr,2.01,M
/Kamichu-01to19/kamichu_ch010[dynasty].cbr,1.99,M
/Kamichu-01to19/kamichu_ch008[dynasty].cbr,1.5,M
/Katsu-01to10/Katsu_v01.cbz,48.97,M
/Katsu-01to10/Katsu_V10.cbr,46.28,M
/Katsu-01to10/Katsu_v06.cbr,44.3,M
/Katsu-01to10/Katsu_v08.cbr,44.18,M
/Katsu-01to10/Katsu_v05.cbr,42.31,M
/Katsu-01to10/Katsu_v09.cbr,41.04,M
/Katsu-01to10/Katsu_v02.cbz,40.95,M
/Katsu-01to10/Katsu_v11.cbz,40.47,M
/Katsu-01to10/Katsu_v04.cbr,40.24,M
/Katsu-01to10/Katsu_v03.cbr,39.14,M
/Katsu-01to10/Katsu_v07.cbr,37.22,M
/Katsu-01to10/Katsu_v12.cbz,35.43,M
/Katsu-01to10/Katsu_v15[Manga-Daisuki].cbz,32.34,M
/Katsu-01to10/Katsu_v13[Manga-Daisuki].cbz,31.59,M
/Katsu-01to10/Katsu_v14[Manga-Daisuki].cbz,29.45,M
/Katsu-01to10/Katsu_v16[Manga-Daisuki].cbz,27.68,M
/Kilico-01to04/Kilico_v04[Omanga_Kotonoha].cbr,93.4,M
/Kilico-01to04/Kilico_v03[Omanga_Kotonoha].cbr,65.36,M
/Kilico-01to04/Kilico_v01[Omanga_Kotonoha].cbr,61.4,M
/Kilico-01to04/Kilico_v02[Omanga_Kotonoha].cbr,59.48,M
/ReadMe.txt,310,B
