Filename,Size,Unit
001_SilverShoes/001_SilverShoes_18.jpg,52.16,K
001_SilverShoes/001_SilverShoes_01.jpg,48.61,K
001_SilverShoes/001_SilverShoes_29.jpg,47.75,K
001_SilverShoes/001_SilverShoes_25.jpg,44.2,K
001_SilverShoes/001_SilverShoes_02.jpg,42.81,K
001_SilverShoes/001_SilverShoes_13.jpg,41.58,K
001_SilverShoes/001_SilverShoes_24.jpg,40.31,K
001_SilverShoes/001_SilverShoes_27.jpg,40.21,K
001_SilverShoes/001_SilverShoes_21.jpg,40.14,K
001_SilverShoes/001_SilverShoes_22.jpg,39.58,K
001_SilverShoes/001_SilverShoes_20.jpg,39.58,K
001_SilverShoes/001_SilverShoes_23.jpg,39.46,K
001_SilverShoes/001_SilverShoes_19.jpg,38.93,K
001_SilverShoes/001_SilverShoes_17.jpg,38.34,K
001_SilverShoes/001_SilverShoes_32.jpg,36.49,K
001_SilverShoes/001_SilverShoes_11.jpg,35.16,K
001_SilverShoes/001_SilverShoes_03.jpg,35.11,K
001_SilverShoes/001_SilverShoes_12.jpg,34.98,K
001_SilverShoes/001_SilverShoes_30.jpg,34.38,K
001_SilverShoes/001_SilverShoes_10.jpg,34.13,K
001_SilverShoes/001_SilverShoes_07.jpg,33.64,K
001_SilverShoes/001_SilverShoes_26.jpg,33.6,K
001_SilverShoes/001_SilverShoes_16.jpg,33.55,K
001_SilverShoes/001_SilverShoes_05.jpg,33.48,K
001_SilverShoes/001_SilverShoes_04.jpg,32.57,K
001_SilverShoes/001_SilverShoes_15.jpg,31.68,K
001_SilverShoes/001_SilverShoes_28.jpg,31.46,K
001_SilverShoes/001_SilverShoes_31.jpg,30.86,K
001_SilverShoes/001_SilverShoes_08.jpg,30.34,K
001_SilverShoes/001_SilverShoes_09.jpg,29.46,K
001_SilverShoes/001_SilverShoes_06.jpg,28.13,K
001_SilverShoes/001_SilverShoes_14.jpg,27.25,K
002-Wings-01/Wings-04.jpg,32.87,K
002-Wings-01/Wings-10.jpg,32.51,K
002-Wings-01/Wings-03.jpg,30.84,K
002-Wings-01/Wings-07.jpg,30.38,K
002-Wings-01/Wings-09.jpg,30.1,K
002-Wings-01/Wings-01.jpg,29.98,K
002-Wings-01/Wings-11.jpg,29.12,K
002-Wings-01/Wings-08.jpg,28.2,K
002-Wings-01/Wings-02.jpg,27.8,K
002-Wings-01/Wings-06.jpg,26.59,K
002-Wings-01/Wings-05.jpg,24.38,K
003-Sheer-01/Sheer-05.jpg,31.92,K
003-Sheer-01/Sheer-10.jpg,29.81,K
003-Sheer-01/Sheer-08.jpg,28.62,K
003-Sheer-01/Sheer-07.jpg,28.27,K
003-Sheer-01/Sheer-09.jpg,27.79,K
003-Sheer-01/Sheer-12.jpg,27.03,K
003-Sheer-01/Sheer-11.jpg,25.97,K
003-Sheer-01/Sheer-06.jpg,24,K
003-Sheer-01/Sheer-02.jpg,23.37,K
003-Sheer-01/Sheer-13.jpg,23.34,K
003-Sheer-01/Sheer-04.jpg,22.98,K
003-Sheer-01/Sheer-01.jpg,22.91,K
003-Sheer-01/Sheer-03.jpg,21.45,K
004-AnimalBikini-01/AnimalBikini-06.jpg,90.38,K
004-AnimalBikini-01/AnimalBikini-09.jpg,81.55,K
004-AnimalBikini-01/AnimalBikini-12.jpg,74.58,K
004-AnimalBikini-01/AnimalBikini-07.jpg,74.11,K
004-AnimalBikini-01/AnimalBikini-11.jpg,70.91,K
004-AnimalBikini-01/AnimalBikini-10.jpg,69.12,K
004-AnimalBikini-01/AnimalBikini-15.jpg,60.24,K
004-AnimalBikini-01/AnimalBikini-13.jpg,59.25,K
004-AnimalBikini-01/AnimalBikini-08.jpg,53.66,K
004-AnimalBikini-01/AnimalBikini-01.jpg,52.24,K
004-AnimalBikini-01/AnimalBikini-03.jpg,48.74,K
004-AnimalBikini-01/AnimalBikini-02.jpg,41.63,K
004-AnimalBikini-01/AnimalBikini-14.jpg,41.17,K
004-AnimalBikini-01/AnimalBikini-05.jpg,39.22,K
004-AnimalBikini-01/AnimalBikini-04.jpg,35.61,K
005-BlueJeans-01/BlueJeans-04.jpg,65.96,K
005-BlueJeans-01/BlueJeans-11.jpg,62.46,K
005-BlueJeans-01/BlueJeans-01.jpg,62,K
005-BlueJeans-01/BlueJeans-06.jpg,50.33,K
005-BlueJeans-01/BlueJeans-14.jpg,50.08,K
005-BlueJeans-01/BlueJeans-08.jpg,45.94,K
005-BlueJeans-01/BlueJeans-05.jpg,44.04,K
005-BlueJeans-01/BlueJeans-16.jpg,43.46,K
005-BlueJeans-01/BlueJeans-02.jpg,43.44,K
005-BlueJeans-01/BlueJeans-10.jpg,38.56,K
005-BlueJeans-01/BlueJeans-15.jpg,38.13,K
005-BlueJeans-01/BlueJeans-13.jpg,37.5,K
005-BlueJeans-01/BlueJeans-09.jpg,34.52,K
005-BlueJeans-01/BlueJeans-12.jpg,33.32,K
005-BlueJeans-01/BlueJeans-07.jpg,28.47,K
005-BlueJeans-01/BlueJeans-03.jpg,26.8,K
006-BeMineValentine-01/BeMineValentine-09.jpg,60.21,K
006-BeMineValentine-01/BeMineValentine-11.jpg,49.17,K
006-BeMineValentine-01/BeMineValentine-01.jpg,48.84,K
006-BeMineValentine-01/BeMineValentine-10.jpg,44.17,K
006-BeMineValentine-01/BeMineValentine-12.jpg,41.42,K
006-BeMineValentine-01/BeMineValentine-13.jpg,35.82,K
006-BeMineValentine-01/BeMineValentine-08.jpg,33.67,K
006-BeMineValentine-01/BeMineValentine-02.jpg,32.33,K
006-BeMineValentine-01/BeMineValentine-04.jpg,30.06,K
006-BeMineValentine-01/BeMineValentine-03.jpg,29.36,K
006-BeMineValentine-01/BeMineValentine-06.jpg,28.37,K
006-BeMineValentine-01/BeMineValentine-05.jpg,27.66,K
006-BeMineValentine-01/BeMineValentine-07.jpg,26.63,K
007-StairBabe-01/StairBabe-10.jpg,69.14,K
007-StairBabe-01/StairBabe-01.jpg,68.01,K
007-StairBabe-01/StairBabe-09.jpg,65.78,K
007-StairBabe-01/StairBabe-02.jpg,63.92,K
007-StairBabe-01/StairBabe-14.jpg,62.57,K
007-StairBabe-01/StairBabe-12.jpg,62.48,K
007-StairBabe-01/StairBabe-06.jpg,61.15,K
007-StairBabe-01/StairBabe-08.jpg,60.89,K
007-StairBabe-01/StairBabe-05.jpg,58.61,K
007-StairBabe-01/StairBabe-03.jpg,55.54,K
007-StairBabe-01/StairBabe-04.jpg,55.48,K
007-StairBabe-01/StairBabe-13.jpg,54.76,K
007-StairBabe-01/StairBabe-15.jpg,52.16,K
007-StairBabe-01/StairBabe-07.jpg,48.47,K
007-StairBabe-01/StairBabe-11.jpg,42.92,K
008-PV-01/PV-09.jpg,54.19,K
008-PV-01/PV-04.jpg,48.44,K
008-PV-01/PV-12.jpg,46.51,K
008-PV-01/PV-06.jpg,43.1,K
008-PV-01/PV-08.jpg,42.62,K
008-PV-01/PV-02.jpg,39.73,K
008-PV-01/PV-07.jpg,38.09,K
008-PV-01/PV-10.jpg,37.69,K
008-PV-01/PV-05.jpg,37.65,K
008-PV-01/PV-11.jpg,33.83,K
008-PV-01/PV-03.jpg,30.04,K
008-PV-01/PV-01.jpg,27.53,K
009-Obsession-01/Obsession-07.jpg,61.77,K
009-Obsession-01/Obsession-01.jpg,57.93,K
009-Obsession-01/Obsession-02.jpg,55.59,K
009-Obsession-01/Obsession-16.jpg,53.27,K
009-Obsession-01/Obsession-03.jpg,48.26,K
009-Obsession-01/Obsession-15.jpg,47.84,K
009-Obsession-01/Obsession-12.jpg,37.42,K
009-Obsession-01/Obsession-10.jpg,37.34,K
009-Obsession-01/Obsession-11.jpg,36.05,K
009-Obsession-01/Obsession-14.jpg,35.77,K
009-Obsession-01/Obsession-09.jpg,35.31,K
009-Obsession-01/Obsession-08.jpg,35.02,K
009-Obsession-01/Obsession-13.jpg,31.45,K
009-Obsession-01/Obsession-04.jpg,31.44,K
009-Obsession-01/Obsession-06.jpg,31.32,K
009-Obsession-01/Obsession-05.jpg,29.34,K
011-DoctorPetra-01/DoctorPetra-12.jpg,70.48,K
011-DoctorPetra-01/DoctorPetra-05.jpg,58.63,K
011-DoctorPetra-01/DoctorPetra-07.jpg,57.45,K
011-DoctorPetra-01/DoctorPetra-06.jpg,53.14,K
011-DoctorPetra-01/DoctorPetra-08.jpg,49.84,K
011-DoctorPetra-01/DoctorPetra-04.jpg,49.16,K
011-DoctorPetra-01/DoctorPetra-09.jpg,45.42,K
011-DoctorPetra-01/DoctorPetra-11.jpg,43.74,K
011-DoctorPetra-01/DoctorPetra-01.jpg,42.88,K
011-DoctorPetra-01/DoctorPetra-10.jpg,39.86,K
011-DoctorPetra-01/DoctorPetra-02.jpg,38.78,K
011-DoctorPetra-01/DoctorPetra-03.jpg,37.89,K
012-Sunset-01/Sunset-07.jpg,64.82,K
012-Sunset-01/Sunset-08.jpg,53.15,K
012-Sunset-01/Sunset-10.jpg,47.39,K
012-Sunset-01/Sunset-09.jpg,46.51,K
012-Sunset-01/Sunset-01.jpg,44.73,K
012-Sunset-01/Sunset-03.jpg,40.88,K
012-Sunset-01/Sunset-04.jpg,40.4,K
012-Sunset-01/Sunset-05.jpg,39.2,K
012-Sunset-01/Sunset-06.jpg,36.54,K
012-Sunset-01/Sunset-02.jpg,33.17,K
013-PowWow-01/PowWow-08.jpg,92.58,K
013-PowWow-01/PowWow-12.jpg,87.82,K
013-PowWow-01/PowWow-14.jpg,80.65,K
013-PowWow-01/PowWow-10.jpg,78.12,K
013-PowWow-01/PowWow-13.jpg,77.44,K
013-PowWow-01/PowWow-09.jpg,77.4,K
013-PowWow-01/PowWow-06.jpg,73.82,K
013-PowWow-01/PowWow-04.jpg,70.81,K
013-PowWow-01/PowWow-05.jpg,67.36,K
013-PowWow-01/PowWow-11.jpg,65.89,K
013-PowWow-01/PowWow-07.jpg,65.42,K
013-PowWow-01/PowWow-02.jpg,63.21,K
013-PowWow-01/PowWow-01.jpg,62.88,K
013-PowWow-01/PowWow-03.jpg,62.84,K
014-Techno-01/Techno-06.jpg,89.41,K
014-Techno-01/Techno-09.jpg,86.37,K
014-Techno-01/Techno-10.jpg,75.61,K
014-Techno-01/Techno-01.jpg,75.23,K
014-Techno-01/Techno-05.jpg,72.55,K
014-Techno-01/Techno-03.jpg,71.13,K
014-Techno-01/Techno-08.jpg,70.15,K
014-Techno-01/Techno-11.jpg,66.52,K
014-Techno-01/Techno-12.jpg,62.36,K
014-Techno-01/Techno-13.jpg,56.85,K
014-Techno-01/Techno-07.jpg,54.97,K
014-Techno-01/Techno-02.jpg,54.03,K
014-Techno-01/Techno-04.jpg,49.13,K
015-BabyBloo-01/BabyBloo-03.jpg,99.02,K
015-BabyBloo-01/BabyBloo-09.jpg,91.18,K
015-BabyBloo-01/BabyBloo-12.jpg,90.17,K
015-BabyBloo-01/BabyBloo-04.jpg,87.42,K
015-BabyBloo-01/BabyBloo-10.jpg,82.66,K
015-BabyBloo-01/BabyBloo-07.jpg,81.82,K
015-BabyBloo-01/BabyBloo-01.jpg,75.46,K
015-BabyBloo-01/BabyBloo-11.jpg,74.05,K
015-BabyBloo-01/BabyBloo-13.jpg,73.92,K
015-BabyBloo-01/BabyBloo-06.jpg,73.71,K
015-BabyBloo-01/BabyBloo-08.jpg,72.05,K
015-BabyBloo-01/BabyBloo-05.jpg,62.74,K
015-BabyBloo-01/BabyBloo-02.jpg,61.96,K
016-Funky-01/Funky-06.jpg,124.08,K
016-Funky-01/Funky-07.jpg,103.97,K
016-Funky-01/Funky-03.jpg,92.46,K
016-Funky-01/Funky-04.jpg,91.84,K
016-Funky-01/Funky-05.jpg,88.83,K
016-Funky-01/Funky-08.jpg,83.19,K
016-Funky-01/Funky-02.jpg,78.09,K
016-Funky-01/Funky-01.jpg,72.39,K
016-Funky-01/Funky-10.jpg,70.7,K
016-Funky-01/Funky-09.jpg,61.56,K
016-Funky-01/Funky-11.jpg,49.96,K
017-Chaps-01/Chaps-02.jpg,111.26,K
017-Chaps-01/Chaps-03.jpg,93.32,K
017-Chaps-01/Chaps-04.jpg,92.38,K
017-Chaps-01/Chaps-07.jpg,91.78,K
017-Chaps-01/Chaps-11.jpg,89.89,K
017-Chaps-01/Chaps-08.jpg,89.5,K
017-Chaps-01/Chaps-05.jpg,86.26,K
017-Chaps-01/Chaps-01.jpg,85.65,K
017-Chaps-01/Chaps-06.jpg,85.4,K
017-Chaps-01/Chaps-10.jpg,82.81,K
017-Chaps-01/Chaps-09.jpg,80.98,K
017-Chaps-01/Chaps-12.jpg,65.89,K
018-SpiceGirl-01/SpiceGirl-01.jpg,97.87,K
018-SpiceGirl-01/SpiceGirl-03.jpg,83.3,K
018-SpiceGirl-01/SpiceGirl-02.jpg,82.56,K
018-SpiceGirl-01/SpiceGirl-04.jpg,58.86,K
018-SpiceGirl-01/SpiceGirl-06.jpg,55.59,K
018-SpiceGirl-01/SpiceGirl-07.jpg,52.26,K
018-SpiceGirl-01/SpiceGirl-10.jpg,50.42,K
018-SpiceGirl-01/SpiceGirl-09.jpg,48.61,K
018-SpiceGirl-01/SpiceGirl-08.jpg,37,K
018-SpiceGirl-01/SpiceGirl-12.jpg,32.93,K
018-SpiceGirl-01/SpiceGirl-05.jpg,31.06,K
018-SpiceGirl-01/SpiceGirl-11.jpg,29.61,K
019-FillerUp-01/FillerUp-01.jpg,88.78,K
019-FillerUp-01/FillerUp-02.jpg,80.64,K
019-FillerUp-01/FillerUp-06.jpg,79.97,K
019-FillerUp-01/FillerUp-05.jpg,74.1,K
019-FillerUp-01/FillerUp-04.jpg,72.41,K
019-FillerUp-01/FillerUp-11.jpg,71.25,K
019-FillerUp-01/FillerUp-09.jpg,65.62,K
019-FillerUp-01/FillerUp-03.jpg,63.63,K
019-FillerUp-01/FillerUp-10.jpg,62.18,K
019-FillerUp-01/FillerUp-07.jpg,55.73,K
019-FillerUp-01/FillerUp-08.jpg,42.49,K
020-Army-BeAllYouCanBe-01/Army-BeAllYouCanBe-04.jpg,81.74,K
020-Army-BeAllYouCanBe-01/Army-BeAllYouCanBe-08.jpg,76.33,K
020-Army-BeAllYouCanBe-01/Army-BeAllYouCanBe-01.jpg,68.12,K
020-Army-BeAllYouCanBe-01/Army-BeAllYouCanBe-02.jpg,67.26,K
020-Army-BeAllYouCanBe-01/Army-BeAllYouCanBe-05.jpg,66.25,K
020-Army-BeAllYouCanBe-01/Army-BeAllYouCanBe-07.jpg,62.56,K
020-Army-BeAllYouCanBe-01/Army-BeAllYouCanBe-10.jpg,60.7,K
020-Army-BeAllYouCanBe-01/Army-BeAllYouCanBe-11.jpg,59.17,K
020-Army-BeAllYouCanBe-01/Army-BeAllYouCanBe-06.jpg,50.59,K
020-Army-BeAllYouCanBe-01/Army-BeAllYouCanBe-03.jpg,33.25,K
020-Army-BeAllYouCanBe-01/Army-BeAllYouCanBe-09.jpg,28.55,K
021-Tailgate-01/Tailgate-05.jpg,85.81,K
021-Tailgate-01/Tailgate-04.jpg,84.99,K
021-Tailgate-01/Tailgate-10.jpg,81.64,K
021-Tailgate-01/Tailgate-11.jpg,73.6,K
021-Tailgate-01/Tailgate-02.jpg,73.5,K
021-Tailgate-01/Tailgate-07.jpg,71.38,K
021-Tailgate-01/Tailgate-08.jpg,70.74,K
021-Tailgate-01/Tailgate-06.jpg,62.06,K
021-Tailgate-01/Tailgate-12.jpg,60.96,K
021-Tailgate-01/Tailgate-01.jpg,57.28,K
021-Tailgate-01/Tailgate-03.jpg,56.46,K
021-Tailgate-01/Tailgate-09.jpg,48.58,K
022-PetrasMatrix-01/PetrasMatrix-04.jpg,125.56,K
022-PetrasMatrix-01/PetrasMatrix-09.jpg,92.17,K
022-PetrasMatrix-01/PetrasMatrix-01.jpg,80.84,K
022-PetrasMatrix-01/PetrasMatrix-18.jpg,76.47,K
022-PetrasMatrix-01/PetrasMatrix-14.jpg,71.92,K
022-PetrasMatrix-01/PetrasMatrix-19.jpg,67.65,K
022-PetrasMatrix-01/PetrasMatrix-05.jpg,67.56,K
022-PetrasMatrix-01/PetrasMatrix-03.jpg,64.16,K
022-PetrasMatrix-01/PetrasMatrix-02.jpg,63.72,K
022-PetrasMatrix-01/PetrasMatrix-06.jpg,63.08,K
022-PetrasMatrix-01/PetrasMatrix-16.jpg,61.64,K
022-PetrasMatrix-01/PetrasMatrix-15.jpg,61.64,K
022-PetrasMatrix-01/PetrasMatrix-13.jpg,56.16,K
022-PetrasMatrix-01/PetrasMatrix-12.jpg,55.11,K
022-PetrasMatrix-01/PetrasMatrix-10.jpg,53.32,K
022-PetrasMatrix-01/PetrasMatrix-07.jpg,51.02,K
022-PetrasMatrix-01/PetrasMatrix-08.jpg,50.66,K
022-PetrasMatrix-01/PetrasMatrix-11.jpg,47.39,K
022-PetrasMatrix-01/PetrasMatrix-17.jpg,44.23,K
023-PetrasSugarShack-01/PetrasSugarShack-04.jpg,82.82,K
023-PetrasSugarShack-01/PetrasSugarShack-01.jpg,80.91,K
023-PetrasSugarShack-01/PetrasSugarShack-02.jpg,79.63,K
023-PetrasSugarShack-01/PetrasSugarShack-03.jpg,77.87,K
023-PetrasSugarShack-01/PetrasSugarShack-07.jpg,77.21,K
023-PetrasSugarShack-01/PetrasSugarShack-13.jpg,74.22,K
023-PetrasSugarShack-01/PetrasSugarShack-06.jpg,74.21,K
023-PetrasSugarShack-01/PetrasSugarShack-10.jpg,74.01,K
023-PetrasSugarShack-01/PetrasSugarShack-08.jpg,73.54,K
023-PetrasSugarShack-01/PetrasSugarShack-05.jpg,71.82,K
023-PetrasSugarShack-01/PetrasSugarShack-12.jpg,71.34,K
023-PetrasSugarShack-01/PetrasSugarShack-15.jpg,70.87,K
023-PetrasSugarShack-01/PetrasSugarShack-14.jpg,69.9,K
023-PetrasSugarShack-01/PetrasSugarShack-11.jpg,69.23,K
023-PetrasSugarShack-01/PetrasSugarShack-09.jpg,68.97,K
024-JustBoots-01/JustBoots-06.jpg,98.13,K
024-JustBoots-01/JustBoots-09.jpg,90.69,K
024-JustBoots-01/JustBoots-08.jpg,79.94,K
024-JustBoots-01/JustBoots-10.jpg,78.28,K
024-JustBoots-01/JustBoots-15.jpg,76.16,K
024-JustBoots-01/JustBoots-13.jpg,73.39,K
024-JustBoots-01/JustBoots-05.jpg,71.13,K
024-JustBoots-01/JustBoots-03.jpg,71.04,K
024-JustBoots-01/JustBoots-14.jpg,69.24,K
024-JustBoots-01/JustBoots-01.jpg,67.93,K
024-JustBoots-01/JustBoots-07.jpg,65.4,K
024-JustBoots-01/JustBoots-02.jpg,62.74,K
024-JustBoots-01/JustBoots-04.jpg,61.43,K
024-JustBoots-01/JustBoots-11.jpg,59.3,K
024-JustBoots-01/JustBoots-16.jpg,57.33,K
024-JustBoots-01/JustBoots-12.jpg,57.08,K
025-Sweater-01/Sweater-06.jpg,78.23,K
025-Sweater-01/Sweater-15.jpg,75.81,K
025-Sweater-01/Sweater-19.jpg,73.82,K
025-Sweater-01/Sweater-05.jpg,73.31,K
025-Sweater-01/Sweater-09.jpg,72.58,K
025-Sweater-01/Sweater-20.jpg,72.3,K
025-Sweater-01/Sweater-13.jpg,71.76,K
025-Sweater-01/Sweater-11.jpg,70.72,K
025-Sweater-01/Sweater-07.jpg,68.51,K
025-Sweater-01/Sweater-17.jpg,63.64,K
025-Sweater-01/Sweater-10.jpg,58.25,K
025-Sweater-01/Sweater-12.jpg,56.53,K
025-Sweater-01/Sweater-21.jpg,56.42,K
025-Sweater-01/Sweater-08.jpg,56.18,K
025-Sweater-01/Sweater-02.jpg,55.85,K
025-Sweater-01/Sweater-03.jpg,55.74,K
025-Sweater-01/Sweater-16.jpg,54.36,K
025-Sweater-01/Sweater-18.jpg,53.67,K
025-Sweater-01/Sweater-04.jpg,52.67,K
025-Sweater-01/Sweater-14.jpg,52.64,K
025-Sweater-01/Sweater-01.jpg,51.01,K
026-HotSand-01/HotSand-09.jpg,91.11,K
026-HotSand-01/HotSand-12.jpg,85.53,K
026-HotSand-01/HotSand-13.jpg,82.22,K
026-HotSand-01/HotSand-08.jpg,77.44,K
026-HotSand-01/HotSand-07.jpg,69.97,K
026-HotSand-01/HotSand-06.jpg,67.89,K
026-HotSand-01/HotSand-03.jpg,65.75,K
026-HotSand-01/HotSand-01.jpg,65.58,K
026-HotSand-01/HotSand-04.jpg,63.72,K
026-HotSand-01/HotSand-02.jpg,61.36,K
026-HotSand-01/HotSand-05.jpg,60.94,K
026-HotSand-01/HotSand-10.jpg,52,K
026-HotSand-01/HotSand-11.jpg,46.34,K
027-PetraBiz-01/PetraBiz-19.jpg,96.34,K
027-PetraBiz-01/PetraBiz-02.jpg,88.14,K
027-PetraBiz-01/PetraBiz-20.jpg,87.44,K
027-PetraBiz-01/PetraBiz-05.jpg,81.44,K
027-PetraBiz-01/PetraBiz-06.jpg,79.87,K
027-PetraBiz-01/PetraBiz-04.jpg,79.78,K
027-PetraBiz-01/PetraBiz-24.jpg,78.29,K
027-PetraBiz-01/PetraBiz-12.jpg,70.41,K
027-PetraBiz-01/PetraBiz-10.jpg,67.4,K
027-PetraBiz-01/PetraBiz-11.jpg,66.28,K
027-PetraBiz-01/PetraBiz-07.jpg,64.25,K
027-PetraBiz-01/PetraBiz-18.jpg,63.75,K
027-PetraBiz-01/PetraBiz-01.jpg,61.4,K
027-PetraBiz-01/PetraBiz-09.jpg,58.83,K
027-PetraBiz-01/PetraBiz-13.jpg,58.28,K
027-PetraBiz-01/PetraBiz-22.jpg,58.28,K
027-PetraBiz-01/PetraBiz-08.jpg,58.21,K
027-PetraBiz-01/PetraBiz-23.jpg,57.89,K
027-PetraBiz-01/PetraBiz-03.jpg,57.69,K
027-PetraBiz-01/PetraBiz-14.jpg,56.42,K
027-PetraBiz-01/PetraBiz-25.jpg,53.29,K
027-PetraBiz-01/PetraBiz-15.jpg,53.08,K
027-PetraBiz-01/PetraBiz-16.jpg,50.55,K
027-PetraBiz-01/PetraBiz-17.jpg,48.31,K
027-PetraBiz-01/PetraBiz-21.jpg,46.29,K
028-HotLava-01/HotLava-02.jpg,82.33,K
028-HotLava-01/HotLava-10.jpg,80.45,K
028-HotLava-01/HotLava-12.jpg,69.81,K
028-HotLava-01/HotLava-14.jpg,67.88,K
028-HotLava-01/HotLava-08.jpg,67.2,K
028-HotLava-01/HotLava-05.jpg,66.62,K
028-HotLava-01/HotLava-01.jpg,63.46,K
028-HotLava-01/HotLava-13.jpg,62.41,K
028-HotLava-01/HotLava-06.jpg,61.43,K
028-HotLava-01/HotLava-07.jpg,59.85,K
028-HotLava-01/HotLava-09.jpg,59.34,K
028-HotLava-01/HotLava-11.jpg,57.51,K
028-HotLava-01/HotLava-03.jpg,51.09,K
028-HotLava-01/HotLava-04.jpg,44.4,K
029-RedBeach-01/RedBeach-13.jpg,114,K
029-RedBeach-01/RedBeach-09.jpg,103.36,K
029-RedBeach-01/RedBeach-04.jpg,98.41,K
029-RedBeach-01/RedBeach-12.jpg,88.53,K
029-RedBeach-01/RedBeach-02.jpg,88.1,K
029-RedBeach-01/RedBeach-05.jpg,83.66,K
029-RedBeach-01/RedBeach-06.jpg,82.16,K
029-RedBeach-01/RedBeach-10.jpg,79.13,K
029-RedBeach-01/RedBeach-14.jpg,63.94,K
029-RedBeach-01/RedBeach-07.jpg,59.96,K
029-RedBeach-01/RedBeach-03.jpg,58.25,K
029-RedBeach-01/RedBeach-08.jpg,52.49,K
029-RedBeach-01/RedBeach-11.jpg,49.46,K
029-RedBeach-01/RedBeach-01.jpg,44.18,K
030-Slippy-01/Slippy-10.jpg,136.25,K
030-Slippy-01/Slippy-01.jpg,118.85,K
030-Slippy-01/Slippy-11.jpg,110.06,K
030-Slippy-01/Slippy-03.jpg,108.67,K
030-Slippy-01/Slippy-17.jpg,107.73,K
030-Slippy-01/Slippy-02.jpg,107.72,K
030-Slippy-01/Slippy-06.jpg,103.77,K
030-Slippy-01/Slippy-12.jpg,103.6,K
030-Slippy-01/Slippy-07.jpg,103.38,K
030-Slippy-01/Slippy-08.jpg,101.59,K
030-Slippy-01/Slippy-04.jpg,100.25,K
030-Slippy-01/Slippy-05.jpg,100.09,K
030-Slippy-01/Slippy-13.jpg,98.96,K
030-Slippy-01/Slippy-09.jpg,94.88,K
030-Slippy-01/Slippy-16.jpg,77.74,K
030-Slippy-01/Slippy-14.jpg,73.56,K
030-Slippy-01/Slippy-15.jpg,72.29,K
031-Huggers-01/Huggers-11.jpg,113.53,K
031-Huggers-01/Huggers-08.jpg,85.76,K
031-Huggers-01/Huggers-06.jpg,84.97,K
031-Huggers-01/Huggers-07.jpg,82.95,K
031-Huggers-01/Huggers-12.jpg,81.13,K
031-Huggers-01/Huggers-05.jpg,80.95,K
031-Huggers-01/Huggers-14.jpg,74.84,K
031-Huggers-01/Huggers-10.jpg,74.03,K
031-Huggers-01/Huggers-15.jpg,73.62,K
031-Huggers-01/Huggers-04.jpg,70.49,K
031-Huggers-01/Huggers-01.jpg,69.42,K
031-Huggers-01/Huggers-02.jpg,69.04,K
031-Huggers-01/Huggers-09.jpg,68.25,K
031-Huggers-01/Huggers-13.jpg,60.43,K
031-Huggers-01/Huggers-03.jpg,58.09,K
032-Copper-01/Copper-07.jpg,67.1,K
032-Copper-01/Copper-11.jpg,54.64,K
032-Copper-01/Copper-03.jpg,45.19,K
032-Copper-01/Copper-01.jpg,43.15,K
032-Copper-01/Copper-06.jpg,39.43,K
032-Copper-01/Copper-02.jpg,38.44,K
032-Copper-01/Copper-05.jpg,37.95,K
032-Copper-01/Copper-10.jpg,36.31,K
032-Copper-01/Copper-08.jpg,33.71,K
032-Copper-01/Copper-09.jpg,31.84,K
032-Copper-01/Copper-04.jpg,30.3,K
033-BlackBeach-01/BlackBeach-14.jpg,114.72,K
033-BlackBeach-01/BlackBeach-15.jpg,112.01,K
033-BlackBeach-01/BlackBeach-03.jpg,109.9,K
033-BlackBeach-01/BlackBeach-10.jpg,104.19,K
033-BlackBeach-01/BlackBeach-12.jpg,102.3,K
033-BlackBeach-01/BlackBeach-07.jpg,99.5,K
033-BlackBeach-01/BlackBeach-08.jpg,99.19,K
033-BlackBeach-01/BlackBeach-05.jpg,97.17,K
033-BlackBeach-01/BlackBeach-02.jpg,93.4,K
033-BlackBeach-01/BlackBeach-06.jpg,92.32,K
033-BlackBeach-01/BlackBeach-09.jpg,91.3,K
033-BlackBeach-01/BlackBeach-01.jpg,91.22,K
033-BlackBeach-01/BlackBeach-11.jpg,81.66,K
033-BlackBeach-01/BlackBeach-17.jpg,80.57,K
033-BlackBeach-01/BlackBeach-13.jpg,79.91,K
033-BlackBeach-01/BlackBeach-16.jpg,73.29,K
033-BlackBeach-01/BlackBeach-04.jpg,69.65,K
034-FabulousFlorida-01/FabulousFlorida-01.jpg,108.08,K
034-FabulousFlorida-01/FabulousFlorida-09.jpg,106.25,K
034-FabulousFlorida-01/FabulousFlorida-03.jpg,105.13,K
034-FabulousFlorida-01/FabulousFlorida-15.jpg,99.68,K
034-FabulousFlorida-01/FabulousFlorida-14.jpg,97.74,K
034-FabulousFlorida-01/FabulousFlorida-10.jpg,94.17,K
034-FabulousFlorida-01/FabulousFlorida-13.jpg,90.13,K
034-FabulousFlorida-01/FabulousFlorida-02.jpg,90.02,K
034-FabulousFlorida-01/FabulousFlorida-11.jpg,85.46,K
034-FabulousFlorida-01/FabulousFlorida-12.jpg,84.51,K
034-FabulousFlorida-01/FabulousFlorida-04.jpg,78.14,K
034-FabulousFlorida-01/FabulousFlorida-07.jpg,78.08,K
034-FabulousFlorida-01/FabulousFlorida-06.jpg,74.29,K
034-FabulousFlorida-01/FabulousFlorida-16.jpg,71.74,K
034-FabulousFlorida-01/FabulousFlorida-08.jpg,68.52,K
034-FabulousFlorida-01/FabulousFlorida-05.jpg,67.24,K
035-SlySylvester-01/SlySylvester-07.jpg,76.89,K
035-SlySylvester-01/SlySylvester-11.jpg,75.71,K
035-SlySylvester-01/SlySylvester-08.jpg,74.25,K
035-SlySylvester-01/SlySylvester-02.jpg,68.78,K
035-SlySylvester-01/SlySylvester-09.jpg,68.3,K
035-SlySylvester-01/SlySylvester-06.jpg,66.82,K
035-SlySylvester-01/SlySylvester-13.jpg,62.65,K
035-SlySylvester-01/SlySylvester-03.jpg,61.98,K
035-SlySylvester-01/SlySylvester-10.jpg,61.25,K
035-SlySylvester-01/SlySylvester-04.jpg,60.84,K
035-SlySylvester-01/SlySylvester-12.jpg,60.25,K
035-SlySylvester-01/SlySylvester-05.jpg,59.09,K
035-SlySylvester-01/SlySylvester-15.jpg,55.51,K
035-SlySylvester-01/SlySylvester-01.jpg,51.9,K
035-SlySylvester-01/SlySylvester-14.jpg,49.43,K
036-Beige-01/Beige-06.jpg,68.34,K
036-Beige-01/Beige-12.jpg,62.17,K
036-Beige-01/Beige-13.jpg,60.47,K
036-Beige-01/Beige-11.jpg,59.39,K
036-Beige-01/Beige-02.jpg,56.53,K
036-Beige-01/Beige-10.jpg,50.31,K
036-Beige-01/Beige-01.jpg,49.53,K
036-Beige-01/Beige-09.jpg,49.01,K
036-Beige-01/Beige-07.jpg,47.49,K
036-Beige-01/Beige-05.jpg,43.05,K
036-Beige-01/Beige-04.jpg,42.97,K
036-Beige-01/Beige-08.jpg,42.54,K
036-Beige-01/Beige-03.jpg,40.06,K
037-Bed-and-Breakfast-01/Bed-and-Breakfast-07.jpg,61.95,K
037-Bed-and-Breakfast-01/Bed-and-Breakfast-03.jpg,60.79,K
037-Bed-and-Breakfast-01/Bed-and-Breakfast-06.jpg,57.94,K
037-Bed-and-Breakfast-01/Bed-and-Breakfast-04.jpg,57.54,K
037-Bed-and-Breakfast-01/Bed-and-Breakfast-01.jpg,53.1,K
037-Bed-and-Breakfast-01/Bed-and-Breakfast-02.jpg,52.78,K
037-Bed-and-Breakfast-01/Bed-and-Breakfast-05.jpg,47.89,K
037-Bed-and-Breakfast-01/Bed-and-Breakfast-09.jpg,45.35,K
037-Bed-and-Breakfast-01/Bed-and-Breakfast-11.jpg,43.02,K
037-Bed-and-Breakfast-01/Bed-and-Breakfast-10.jpg,40.11,K
037-Bed-and-Breakfast-01/Bed-and-Breakfast-08.jpg,33.8,K
038-Potpourri1-01/Potpourri1-12.jpg,96.92,K
038-Potpourri1-01/Potpourri1-01.jpg,91.71,K
038-Potpourri1-01/Potpourri1-09.jpg,91.12,K
038-Potpourri1-01/Potpourri1-10.jpg,89.61,K
038-Potpourri1-01/Potpourri1-08.jpg,87.33,K
038-Potpourri1-01/Potpourri1-11.jpg,78.22,K
038-Potpourri1-01/Potpourri1-00.jpg,77.5,K
038-Potpourri1-01/Potpourri1-07.jpg,71.69,K
038-Potpourri1-01/Potpourri1-04.jpg,66.85,K
038-Potpourri1-01/Potpourri1-13.jpg,64.4,K
038-Potpourri1-01/Potpourri1-03.jpg,62.14,K
038-Potpourri1-01/Potpourri1-14.jpg,62.13,K
038-Potpourri1-01/Potpourri1-05.jpg,60.32,K
038-Potpourri1-01/Potpourri1-02.jpg,58.11,K
038-Potpourri1-01/Potpourri1-06.jpg,56.85,K
039-SexySelection-01/Potpourri1-12.jpg,96.92,K
039-SexySelection-01/Potpourri1-01.jpg,91.71,K
039-SexySelection-01/Potpourri1-09.jpg,91.12,K
039-SexySelection-01/Potpourri1-10.jpg,89.61,K
039-SexySelection-01/Potpourri1-08.jpg,87.33,K
039-SexySelection-01/Potpourri1-11.jpg,78.22,K
039-SexySelection-01/Potpourri1-00.jpg,77.5,K
039-SexySelection-01/Potpourri1-07.jpg,71.69,K
039-SexySelection-01/Potpourri1-04.jpg,66.85,K
039-SexySelection-01/Potpourri1-13.jpg,64.4,K
039-SexySelection-01/Potpourri1-03.jpg,62.14,K
039-SexySelection-01/Potpourri1-14.jpg,62.13,K
039-SexySelection-01/Potpourri1-05.jpg,60.32,K
039-SexySelection-01/Potpourri1-02.jpg,58.11,K
039-SexySelection-01/Potpourri1-06.jpg,56.85,K
040-Fishnet-01/Fishnet-16.jpg,102.58,K
040-Fishnet-01/Fishnet-06.jpg,86,K
040-Fishnet-01/Fishnet-09.jpg,79.97,K
040-Fishnet-01/Fishnet-08.jpg,78.39,K
040-Fishnet-01/Fishnet-07.jpg,76.75,K
040-Fishnet-01/Fishnet-17.jpg,76.42,K
040-Fishnet-01/Fishnet-01.jpg,74.56,K
040-Fishnet-01/Fishnet-02.jpg,72.87,K
040-Fishnet-01/Fishnet-15.jpg,72.74,K
040-Fishnet-01/Fishnet-13.jpg,69.16,K
040-Fishnet-01/Fishnet-00.jpg,67.41,K
040-Fishnet-01/Fishnet-11.jpg,60.67,K
040-Fishnet-01/Fishnet-03.jpg,60.53,K
040-Fishnet-01/Fishnet-05.jpg,59.58,K
040-Fishnet-01/Fishnet-19.jpg,59.28,K
040-Fishnet-01/Fishnet-12.jpg,55.79,K
040-Fishnet-01/Fishnet-14.jpg,52.39,K
040-Fishnet-01/Fishnet-10.jpg,51.57,K
040-Fishnet-01/Fishnet-04.jpg,51,K
040-Fishnet-01/Fishnet-18.jpg,50.88,K
041-MauiReef-01/MauiReef-14.jpg,57.49,K
041-MauiReef-01/MauiReef-16.jpg,54.25,K
041-MauiReef-01/MauiReef-04.jpg,52.36,K
041-MauiReef-01/MauiReef-13.jpg,51.17,K
041-MauiReef-01/MauiReef-07.jpg,49.86,K
041-MauiReef-01/MauiReef-17.jpg,47.38,K
041-MauiReef-01/MauiReef-12.jpg,46.97,K
041-MauiReef-01/MauiReef-03.jpg,44.19,K
041-MauiReef-01/MauiReef-05.jpg,42.96,K
041-MauiReef-01/MauiReef-11.jpg,42.54,K
041-MauiReef-01/MauiReef-02.jpg,41.87,K
041-MauiReef-01/MauiReef-15.jpg,41.82,K
041-MauiReef-01/MauiReef-01.jpg,41.66,K
041-MauiReef-01/MauiReef-09.jpg,40.83,K
041-MauiReef-01/MauiReef-00.jpg,39.3,K
041-MauiReef-01/MauiReef-08.jpg,38.35,K
041-MauiReef-01/MauiReef-06.jpg,37.13,K
041-MauiReef-01/MauiReef-19.jpg,36.81,K
041-MauiReef-01/MauiReef-10.jpg,36.17,K
041-MauiReef-01/MauiReef-20.jpg,35.93,K
041-MauiReef-01/MauiReef-18.jpg,31.5,K
042-PetrasCourtyard-01/PetrasCourtyard-19.jpg,86.74,K
042-PetrasCourtyard-01/PetrasCourtyard-09.jpg,80.77,K
042-PetrasCourtyard-01/PetrasCourtyard-01.jpg,74,K
042-PetrasCourtyard-01/PetrasCourtyard-12.jpg,73.53,K
042-PetrasCourtyard-01/PetrasCourtyard-21.jpg,71.37,K
042-PetrasCourtyard-01/PetrasCourtyard-04.jpg,70.38,K
042-PetrasCourtyard-01/PetrasCourtyard-03.jpg,68.91,K
042-PetrasCourtyard-01/PetrasCourtyard-02.jpg,66.63,K
042-PetrasCourtyard-01/PetrasCourtyard-14.jpg,66.54,K
042-PetrasCourtyard-01/PetrasCourtyard-11.jpg,64.15,K
042-PetrasCourtyard-01/PetrasCourtyard-13.jpg,64.09,K
042-PetrasCourtyard-01/PetrasCourtyard-17.jpg,63.97,K
042-PetrasCourtyard-01/PetrasCourtyard-16.jpg,62.13,K
042-PetrasCourtyard-01/PetrasCourtyard-22.jpg,59.67,K
042-PetrasCourtyard-01/PetrasCourtyard-07.jpg,58.33,K
042-PetrasCourtyard-01/PetrasCourtyard-10.jpg,58.1,K
042-PetrasCourtyard-01/PetrasCourtyard-20.jpg,55.91,K
042-PetrasCourtyard-01/PetrasCourtyard-15.jpg,53.48,K
042-PetrasCourtyard-01/PetrasCourtyard-06.jpg,53.03,K
042-PetrasCourtyard-01/PetrasCourtyard-05.jpg,51.9,K
042-PetrasCourtyard-01/PetrasCourtyard-08.jpg,47.08,K
042-PetrasCourtyard-01/PetrasCourtyard-23.jpg,34.49,K
042-PetrasCourtyard-01/PetrasCourtyard-18.jpg,30.37,K
043-HelloSunshine-01/HelloSunshine-04.jpg,112.51,K
043-HelloSunshine-01/HelloSunshine-12.jpg,108.05,K
043-HelloSunshine-01/HelloSunshine-05.jpg,107.76,K
043-HelloSunshine-01/HelloSunshine-16.jpg,106.52,K
043-HelloSunshine-01/HelloSunshine-02.jpg,99.68,K
043-HelloSunshine-01/HelloSunshine-13.jpg,97.33,K
043-HelloSunshine-01/HelloSunshine-01.jpg,94.39,K
043-HelloSunshine-01/HelloSunshine-09.jpg,93.54,K
043-HelloSunshine-01/HelloSunshine-17.jpg,88.24,K
043-HelloSunshine-01/HelloSunshine-15.jpg,84.25,K
043-HelloSunshine-01/HelloSunshine-08.jpg,83.83,K
043-HelloSunshine-01/HelloSunshine-14.jpg,79.86,K
043-HelloSunshine-01/HelloSunshine-06.jpg,71.08,K
043-HelloSunshine-01/HelloSunshine-07.jpg,70.64,K
043-HelloSunshine-01/HelloSunshine-03.jpg,69.74,K
043-HelloSunshine-01/HelloSunshine-10.jpg,64.41,K
043-HelloSunshine-01/HelloSunshine-11.jpg,63.19,K
043-HelloSunshine-01/HelloSunshine-00.jpg,43.32,K
044-PetraCroft1-01/PetraCroft1-07.jpg,135.29,K
044-PetraCroft1-01/PetraCroft1-15.jpg,129.57,K
044-PetraCroft1-01/PetraCroft1-13.jpg,128.29,K
044-PetraCroft1-01/PetraCroft1-01.jpg,127.29,K
044-PetraCroft1-01/PetraCroft1-03.jpg,120.73,K
044-PetraCroft1-01/PetraCroft1-04.jpg,113.32,K
044-PetraCroft1-01/PetraCroft1-08.jpg,98.78,K
044-PetraCroft1-01/PetraCroft1-06.jpg,92.66,K
044-PetraCroft1-01/PetraCroft1-16.jpg,89.94,K
044-PetraCroft1-01/PetraCroft1-14.jpg,89.68,K
044-PetraCroft1-01/PetraCroft1-12.jpg,88.24,K
044-PetraCroft1-01/PetraCroft1-09.jpg,86.86,K
044-PetraCroft1-01/PetraCroft1-02.jpg,79.06,K
044-PetraCroft1-01/PetraCroft1-10.jpg,76.62,K
044-PetraCroft1-01/PetraCroft1-05.jpg,73.56,K
044-PetraCroft1-01/PetraCroft1-17.jpg,70.22,K
044-PetraCroft1-01/PetraCroft1-11.jpg,64.83,K
045-PetraCroft2-01/PetraCroft2-01.jpg,135.7,K
045-PetraCroft2-01/PetraCroft2-05.jpg,108.66,K
045-PetraCroft2-01/PetraCroft2-16.jpg,103.71,K
045-PetraCroft2-01/PetraCroft2-02.jpg,100.91,K
045-PetraCroft2-01/PetraCroft2-14.jpg,99.97,K
045-PetraCroft2-01/PetraCroft2-08.jpg,96.68,K
045-PetraCroft2-01/PetraCroft2-19.jpg,96.61,K
045-PetraCroft2-01/PetraCroft2-12.jpg,92.58,K
045-PetraCroft2-01/PetraCroft2-03.jpg,91.57,K
045-PetraCroft2-01/PetraCroft2-18.jpg,87.24,K
045-PetraCroft2-01/PetraCroft2-17.jpg,87.17,K
045-PetraCroft2-01/PetraCroft2-13.jpg,86.15,K
045-PetraCroft2-01/PetraCroft2-06.jpg,83.94,K
045-PetraCroft2-01/PetraCroft2-15.jpg,81.91,K
045-PetraCroft2-01/PetraCroft2-11.jpg,77,K
045-PetraCroft2-01/PetraCroft2-04.jpg,74.11,K
045-PetraCroft2-01/PetraCroft2-07.jpg,70.2,K
045-PetraCroft2-01/PetraCroft2-09.jpg,68.85,K
045-PetraCroft2-01/PetraCroft2-10.jpg,65.61,K
046-TronaPinnacles-01/TronaPinnacles-00.jpg,100.31,K
046-TronaPinnacles-01/TronaPinnacles-07.jpg,97.13,K
046-TronaPinnacles-01/TronaPinnacles-11.jpg,96.12,K
046-TronaPinnacles-01/TronaPinnacles-13.jpg,95.96,K
046-TronaPinnacles-01/TronaPinnacles-01.jpg,95.49,K
046-TronaPinnacles-01/TronaPinnacles-08.jpg,92.1,K
046-TronaPinnacles-01/TronaPinnacles-10.jpg,88.31,K
046-TronaPinnacles-01/TronaPinnacles-02.jpg,87.7,K
046-TronaPinnacles-01/TronaPinnacles-03.jpg,73.93,K
046-TronaPinnacles-01/TronaPinnacles-14.jpg,72.56,K
046-TronaPinnacles-01/TronaPinnacles-12.jpg,68.28,K
046-TronaPinnacles-01/TronaPinnacles-05.jpg,64.14,K
046-TronaPinnacles-01/TronaPinnacles-06.jpg,53.3,K
046-TronaPinnacles-01/TronaPinnacles-04.jpg,51.51,K
046-TronaPinnacles-01/TronaPinnacles-09.jpg,47.08,K
047-Graffiti-01/Graffiti-00.jpg,338.58,K
047-Graffiti-01/Graffiti-14.jpg,180.18,K
047-Graffiti-01/Graffiti-04.jpg,160.67,K
047-Graffiti-01/Graffiti-03.jpg,158.31,K
047-Graffiti-01/Graffiti-11.jpg,130.14,K
047-Graffiti-01/Graffiti-09.jpg,129.93,K
047-Graffiti-01/Graffiti-01.jpg,126.85,K
047-Graffiti-01/Graffiti-06.jpg,126.09,K
047-Graffiti-01/Graffiti-07.jpg,122.04,K
047-Graffiti-01/Graffiti-02.jpg,119.67,K
047-Graffiti-01/Graffiti-08.jpg,119.45,K
047-Graffiti-01/Graffiti-10.jpg,118.93,K
047-Graffiti-01/Graffiti-13.jpg,116.16,K
047-Graffiti-01/Graffiti-05.jpg,113.43,K
047-Graffiti-01/Graffiti-12.jpg,93.48,K
048-BluCove-01/BluCove-08.jpg,63.38,K
048-BluCove-01/BluCove-18.jpg,60.97,K
048-BluCove-01/BluCove-16.jpg,58.94,K
048-BluCove-01/BluCove-15.jpg,54.93,K
048-BluCove-01/BluCove-11.jpg,51.79,K
048-BluCove-01/BluCove-19.jpg,48.5,K
048-BluCove-01/BluCove-04.jpg,44.9,K
048-BluCove-01/BluCove-10.jpg,43.66,K
048-BluCove-01/BluCove-17.jpg,41.66,K
048-BluCove-01/BluCove-05.jpg,40.07,K
048-BluCove-01/BluCove-02.jpg,39.77,K
048-BluCove-01/BluCove-07.jpg,38.84,K
048-BluCove-01/BluCove-13.jpg,36.57,K
048-BluCove-01/BluCove-09.jpg,36.38,K
048-BluCove-01/BluCove-20.jpg,35.87,K
048-BluCove-01/BluCove-21.jpg,34.73,K
048-BluCove-01/BluCove-06.jpg,33.92,K
048-BluCove-01/BluCove-14.jpg,33.28,K
048-BluCove-01/BluCove-03.jpg,33.23,K
048-BluCove-01/BluCove-01.jpg,31.6,K
048-BluCove-01/BluCove-12.jpg,29.44,K
049-Sunview-01/Sunview-12.jpg,112.96,K
049-Sunview-01/Sunview-11.jpg,94.82,K
049-Sunview-01/Sunview-10.jpg,88.99,K
049-Sunview-01/Sunview-14.jpg,78.71,K
049-Sunview-01/Sunview-06.jpg,76.34,K
049-Sunview-01/Sunview-08.jpg,75.68,K
049-Sunview-01/Sunview-02.jpg,75.19,K
049-Sunview-01/Sunview-09.jpg,72.74,K
049-Sunview-01/Sunview-05.jpg,63.76,K
049-Sunview-01/Sunview-01.jpg,63.53,K
049-Sunview-01/Sunview-03.jpg,63.27,K
049-Sunview-01/Sunview-07.jpg,60.34,K
049-Sunview-01/Sunview-13.jpg,59.89,K
049-Sunview-01/Sunview-04.jpg,45.32,K
050-Spring-01/Spring-01.jpg,124.58,K
050-Spring-01/Spring-09.jpg,115.77,K
050-Spring-01/Spring-00.jpg,110.81,K
050-Spring-01/Spring-13.jpg,108.1,K
050-Spring-01/Spring-02.jpg,100.63,K
050-Spring-01/Spring-03.jpg,86.12,K
050-Spring-01/Spring-11.jpg,80.17,K
050-Spring-01/Spring-08.jpg,79.4,K
050-Spring-01/Spring-07.jpg,77.47,K
050-Spring-01/Spring-12.jpg,73.52,K
050-Spring-01/Spring-05.jpg,73.2,K
050-Spring-01/Spring-10.jpg,68.38,K
050-Spring-01/Spring-16.jpg,68.36,K
050-Spring-01/Spring-14.jpg,66.45,K
050-Spring-01/Spring-04.jpg,65.91,K
050-Spring-01/Spring-15.jpg,60.26,K
050-Spring-01/Spring-06.jpg,57.71,K
081-Potpourri2-01/Potpourri2-02.jpg,253.64,K
081-Potpourri2-01/Potpourri2-12.jpg,201.26,K
081-Potpourri2-01/Potpourri2-01.jpg,196.04,K
081-Potpourri2-01/Potpourri2-08.jpg,181.64,K
081-Potpourri2-01/Potpourri2-13.jpg,169.46,K
081-Potpourri2-01/Potpourri2-06.jpg,165.98,K
081-Potpourri2-01/Potpourri2-04.jpg,143.81,K
081-Potpourri2-01/Potpourri2-10.jpg,135.17,K
081-Potpourri2-01/Potpourri2-09.jpg,131.13,K
081-Potpourri2-01/Potpourri2-03.jpg,129.18,K
081-Potpourri2-01/Potpourri2-11.jpg,124.87,K
081-Potpourri2-01/Potpourri2-05.jpg,116.09,K
081-Potpourri2-01/Potpourri2-07.jpg,91.17,K
082-Pole-01/Pole-02.jpg,216.65,K
082-Pole-01/Pole-18.jpg,125.57,K
082-Pole-01/Pole-06.jpg,115.7,K
082-Pole-01/Pole-05.jpg,105.45,K
082-Pole-01/Pole-16.jpg,104.97,K
082-Pole-01/Pole-03.jpg,103.21,K
082-Pole-01/Pole-12.jpg,102.19,K
082-Pole-01/Pole-11.jpg,100.4,K
082-Pole-01/Pole-07.jpg,98.73,K
082-Pole-01/Pole-13.jpg,94.07,K
082-Pole-01/Pole-10.jpg,92.32,K
082-Pole-01/Pole-04.jpg,89.42,K
082-Pole-01/Pole-01.jpg,87.88,K
082-Pole-01/Pole-08.jpg,82.22,K
082-Pole-01/Pole-17.jpg,78.73,K
082-Pole-01/Pole-14.jpg,73.52,K
082-Pole-01/Pole-15.jpg,70.5,K
082-Pole-01/Pole-09.jpg,65.35,K
083-Green-01/Green-13.jpg,209.72,K
083-Green-01/Green-02.jpg,151.35,K
083-Green-01/Green-07.jpg,136.81,K
083-Green-01/Green-19.jpg,118.61,K
083-Green-01/Green-01.jpg,108.61,K
083-Green-01/Green-03.jpg,105.98,K
083-Green-01/Green-04.jpg,97.87,K
083-Green-01/Green-12.jpg,96.37,K
083-Green-01/Green-14.jpg,96.19,K
083-Green-01/Green-20.jpg,92.38,K
083-Green-01/Green-10.jpg,89.5,K
083-Green-01/Green-15.jpg,84.04,K
083-Green-01/Green-11.jpg,73.88,K
083-Green-01/Green-16.jpg,73.12,K
083-Green-01/Green-17.jpg,71.12,K
083-Green-01/Green-18.jpg,68.31,K
083-Green-01/Green-05.jpg,65.69,K
083-Green-01/Green-06.jpg,58.9,K
083-Green-01/Green-08.jpg,53.22,K
083-Green-01/Green-09.jpg,53.17,K
084-Traveler-01/Traveler-02.jpg,110.93,K
084-Traveler-01/Traveler-13.jpg,103.01,K
084-Traveler-01/Traveler-03.jpg,99.03,K
084-Traveler-01/Traveler-18.jpg,96.95,K
084-Traveler-01/Traveler-04.jpg,96.09,K
084-Traveler-01/Traveler-17.jpg,94.49,K
084-Traveler-01/Traveler-20.jpg,88.52,K
084-Traveler-01/Traveler-19.jpg,87.78,K
084-Traveler-01/Traveler-07.jpg,85.54,K
084-Traveler-01/Traveler-01.jpg,77.68,K
084-Traveler-01/Traveler-10.jpg,76.31,K
084-Traveler-01/Traveler-12.jpg,74.82,K
084-Traveler-01/Traveler-06.jpg,74.65,K
084-Traveler-01/Traveler-15.jpg,67.04,K
084-Traveler-01/Traveler-14.jpg,65.58,K
084-Traveler-01/Traveler-11.jpg,64.88,K
084-Traveler-01/Traveler-05.jpg,61.06,K
084-Traveler-01/Traveler-08.jpg,58.92,K
084-Traveler-01/Traveler-09.jpg,57.26,K
084-Traveler-01/Traveler-16.jpg,53.78,K
085-BlueBikini-01/BlueBikini-13.jpg,114.18,K
085-BlueBikini-01/BlueBikini-01.jpg,110.96,K
085-BlueBikini-01/BlueBikini-16.jpg,95.28,K
085-BlueBikini-01/BlueBikini-11.jpg,91.39,K
085-BlueBikini-01/BlueBikini-02.jpg,90.98,K
085-BlueBikini-01/BlueBikini-14.jpg,88.82,K
085-BlueBikini-01/BlueBikini-12.jpg,85.38,K
085-BlueBikini-01/BlueBikini-15.jpg,84.98,K
085-BlueBikini-01/BlueBikini-09.jpg,82.83,K
085-BlueBikini-01/BlueBikini-08.jpg,81.41,K
085-BlueBikini-01/BlueBikini-07.jpg,79.99,K
085-BlueBikini-01/BlueBikini-04.jpg,79.55,K
085-BlueBikini-01/BlueBikini-10.jpg,62.21,K
085-BlueBikini-01/BlueBikini-03.jpg,56.23,K
085-BlueBikini-01/BlueBikini-05.jpg,47.04,K
085-BlueBikini-01/BlueBikini-06.jpg,42.75,K
086-Potpourri3-01/Potpourri3-02.jpg,183.05,K
086-Potpourri3-01/Potpourri3-06.jpg,172.28,K
086-Potpourri3-01/Potpourri3-05.jpg,133.11,K
086-Potpourri3-01/Potpourri3-15.jpg,101.42,K
086-Potpourri3-01/Potpourri3-04.jpg,94.89,K
086-Potpourri3-01/Potpourri3-14.jpg,89.83,K
086-Potpourri3-01/Potpourri3-11.jpg,88.52,K
086-Potpourri3-01/Potpourri3-09.jpg,84.59,K
086-Potpourri3-01/Potpourri3-03.jpg,83.78,K
086-Potpourri3-01/Potpourri3-01.jpg,79.59,K
086-Potpourri3-01/Potpourri3-13.jpg,79.24,K
086-Potpourri3-01/Potpourri3-12.jpg,76.3,K
086-Potpourri3-01/Potpourri3-08.jpg,74.18,K
086-Potpourri3-01/Potpourri3-10.jpg,62.1,K
086-Potpourri3-01/Potpourri3-07.jpg,46.44,K
087-AlmostReady-01/AlmostReady-10.jpg,175.28,K
087-AlmostReady-01/AlmostReady-09.jpg,143.73,K
087-AlmostReady-01/AlmostReady-12.jpg,142.3,K
087-AlmostReady-01/AlmostReady-14.jpg,127.2,K
087-AlmostReady-01/AlmostReady-11.jpg,125.07,K
087-AlmostReady-01/AlmostReady-03.jpg,116.85,K
087-AlmostReady-01/AlmostReady-01.jpg,111.16,K
087-AlmostReady-01/AlmostReady-13.jpg,109.64,K
087-AlmostReady-01/AlmostReady-04.jpg,101.41,K
087-AlmostReady-01/AlmostReady-08.jpg,97.44,K
087-AlmostReady-01/AlmostReady-06.jpg,95.39,K
087-AlmostReady-01/AlmostReady-15.jpg,92.51,K
087-AlmostReady-01/AlmostReady-07.jpg,92.25,K
087-AlmostReady-01/AlmostReady-02.jpg,61.75,K
087-AlmostReady-01/AlmostReady-05.jpg,44.61,K
088-Amazon-01/Amazon-17.jpg,169.88,K
088-Amazon-01/Amazon-07.jpg,118.39,K
088-Amazon-01/Amazon-06.jpg,116.73,K
088-Amazon-01/Amazon-01.jpg,114.65,K
088-Amazon-01/Amazon-12.jpg,113.46,K
088-Amazon-01/Amazon-05.jpg,110.6,K
088-Amazon-01/Amazon-14.jpg,101.58,K
088-Amazon-01/Amazon-11.jpg,100.7,K
088-Amazon-01/Amazon-13.jpg,97.98,K
088-Amazon-01/Amazon-08.jpg,96.76,K
088-Amazon-01/Amazon-15.jpg,96.17,K
088-Amazon-01/Amazon-16.jpg,93.58,K
088-Amazon-01/Amazon-04.jpg,91.01,K
088-Amazon-01/Amazon-10.jpg,87.5,K
088-Amazon-01/Amazon-02.jpg,82.41,K
088-Amazon-01/Amazon-09.jpg,80.67,K
088-Amazon-01/Amazon-03.jpg,78.58,K
089-Catwalk-01/Catwalk-01.jpg,104.16,K
089-Catwalk-01/Catwalk-11.jpg,91.87,K
089-Catwalk-01/Catwalk-03.jpg,89.7,K
089-Catwalk-01/Catwalk-05.jpg,80.82,K
089-Catwalk-01/Catwalk-06.jpg,78.9,K
089-Catwalk-01/Catwalk-09.jpg,77.96,K
089-Catwalk-01/Catwalk-02.jpg,77.76,K
089-Catwalk-01/Catwalk-08.jpg,74.62,K
089-Catwalk-01/Catwalk-04.jpg,72.99,K
089-Catwalk-01/Catwalk-10.jpg,71.07,K
089-Catwalk-01/Catwalk-07.jpg,36.81,K
090-On-the-Dock-01/On-the-Dock-14.jpg,110.91,K
090-On-the-Dock-01/On-the-Dock-13.jpg,104.02,K
090-On-the-Dock-01/On-the-Dock-11.jpg,103.39,K
090-On-the-Dock-01/On-the-Dock-10.jpg,103.22,K
090-On-the-Dock-01/On-the-Dock-08.jpg,94.5,K
090-On-the-Dock-01/On-the-Dock-12.jpg,92.31,K
090-On-the-Dock-01/On-the-Dock-09.jpg,89.61,K
090-On-the-Dock-01/On-the-Dock-07.jpg,88,K
090-On-the-Dock-01/On-the-Dock-04.jpg,82.05,K
090-On-the-Dock-01/On-the-Dock-02.jpg,73.03,K
090-On-the-Dock-01/On-the-Dock-06.jpg,63.87,K
090-On-the-Dock-01/On-the-Dock-03.jpg,58.4,K
090-On-the-Dock-01/On-the-Dock-01.jpg,57.44,K
090-On-the-Dock-01/On-the-Dock-05.jpg,55.24,K
091-Canoe-01/Canoe-05.jpg,135.84,K
091-Canoe-01/Canoe-03.jpg,130.07,K
091-Canoe-01/Canoe-01.jpg,121.06,K
091-Canoe-01/Canoe-06.jpg,117.18,K
091-Canoe-01/Canoe-10.jpg,116.81,K
091-Canoe-01/Canoe-11.jpg,104.71,K
091-Canoe-01/Canoe-07.jpg,102.14,K
091-Canoe-01/Canoe-12.jpg,101.27,K
091-Canoe-01/Canoe-08.jpg,98.83,K
091-Canoe-01/Canoe-02.jpg,95.71,K
091-Canoe-01/Canoe-09.jpg,85.24,K
091-Canoe-01/Canoe-04.jpg,70.27,K
091-Canoe-01/Canoe-13.jpg,67.29,K
092-Balcony-01/Balcony-05.jpg,95.86,K
092-Balcony-01/Balcony-07.jpg,85.78,K
092-Balcony-01/Balcony-06.jpg,80.99,K
092-Balcony-01/Balcony-02.jpg,73.53,K
092-Balcony-01/Balcony-09.jpg,69.82,K
092-Balcony-01/Balcony-10.jpg,68.99,K
092-Balcony-01/Balcony-01.jpg,66.91,K
092-Balcony-01/Balcony-04.jpg,66.67,K
092-Balcony-01/Balcony-12.jpg,65.63,K
092-Balcony-01/Balcony-11.jpg,64.99,K
092-Balcony-01/Balcony-08.jpg,64.7,K
092-Balcony-01/Balcony-13.jpg,53.66,K
092-Balcony-01/Balcony-03.jpg,50.97,K
093-GarageGirl-01/GarageGirl-07.jpg,77.33,K
093-GarageGirl-01/GarageGirl-04.jpg,69.81,K
093-GarageGirl-01/GarageGirl-11.jpg,65.52,K
093-GarageGirl-01/GarageGirl-01.jpg,62.6,K
093-GarageGirl-01/GarageGirl-12.jpg,62.56,K
093-GarageGirl-01/GarageGirl-05.jpg,61.51,K
093-GarageGirl-01/GarageGirl-03.jpg,61.42,K
093-GarageGirl-01/GarageGirl-08.jpg,58.9,K
093-GarageGirl-01/GarageGirl-14.jpg,58.81,K
093-GarageGirl-01/GarageGirl-13.jpg,51.55,K
093-GarageGirl-01/GarageGirl-02.jpg,51.03,K
093-GarageGirl-01/GarageGirl-09.jpg,49.44,K
093-GarageGirl-01/GarageGirl-15.jpg,48.39,K
093-GarageGirl-01/GarageGirl-10.jpg,44.8,K
093-GarageGirl-01/GarageGirl-06.jpg,43.16,K
094-BlueJeans2-01/BlueJeans2-19.jpg,201.28,K
094-BlueJeans2-01/BlueJeans2-16.jpg,169.33,K
094-BlueJeans2-01/BlueJeans2-14.jpg,169.21,K
094-BlueJeans2-01/BlueJeans2-13.jpg,160.74,K
094-BlueJeans2-01/BlueJeans2-09.jpg,118.68,K
094-BlueJeans2-01/BlueJeans2-08.jpg,117.82,K
094-BlueJeans2-01/BlueJeans2-04.jpg,117.41,K
094-BlueJeans2-01/BlueJeans2-07.jpg,117.01,K
094-BlueJeans2-01/BlueJeans2-11.jpg,116.92,K
094-BlueJeans2-01/BlueJeans2-05.jpg,116.66,K
094-BlueJeans2-01/BlueJeans2-03.jpg,114.85,K
094-BlueJeans2-01/BlueJeans2-20.jpg,114.26,K
094-BlueJeans2-01/BlueJeans2-15.jpg,110.68,K
094-BlueJeans2-01/BlueJeans2-18.jpg,110.66,K
094-BlueJeans2-01/BlueJeans2-06.jpg,108.56,K
094-BlueJeans2-01/BlueJeans2-17.jpg,108.17,K
094-BlueJeans2-01/BlueJeans2-10.jpg,107.23,K
094-BlueJeans2-01/BlueJeans2-02.jpg,106.8,K
094-BlueJeans2-01/BlueJeans2-12.jpg,94.58,K
094-BlueJeans2-01/BlueJeans2-01.jpg,62.64,K
095-Chair-01/Chair-07.jpg,106.36,K
095-Chair-01/Chair-12.jpg,104.54,K
095-Chair-01/Chair-08.jpg,100.4,K
095-Chair-01/Chair-02.jpg,96.19,K
095-Chair-01/Chair-06.jpg,95.64,K
095-Chair-01/Chair-14.jpg,92.35,K
095-Chair-01/Chair-13.jpg,91.98,K
095-Chair-01/Chair-01.jpg,89.24,K
095-Chair-01/Chair-10.jpg,89.15,K
095-Chair-01/Chair-03.jpg,88.59,K
095-Chair-01/Chair-05.jpg,86.46,K
095-Chair-01/Chair-15.jpg,86.39,K
095-Chair-01/Chair-11.jpg,85.39,K
095-Chair-01/Chair-09.jpg,74.7,K
095-Chair-01/Chair-04.jpg,64.52,K
096-BoyBeater-01/BoyBeater-10.jpg,116.09,K
096-BoyBeater-01/BoyBeater-14.jpg,113.23,K
096-BoyBeater-01/BoyBeater-12.jpg,108.72,K
096-BoyBeater-01/BoyBeater-13.jpg,101.86,K
096-BoyBeater-01/BoyBeater-09.jpg,97.5,K
096-BoyBeater-01/BoyBeater-06.jpg,95.21,K
096-BoyBeater-01/BoyBeater-02.jpg,94.9,K
096-BoyBeater-01/BoyBeater-01.jpg,88.71,K
096-BoyBeater-01/BoyBeater-04.jpg,87.49,K
096-BoyBeater-01/BoyBeater-15.jpg,85.27,K
096-BoyBeater-01/BoyBeater-11.jpg,72.32,K
096-BoyBeater-01/BoyBeater-07.jpg,70.81,K
096-BoyBeater-01/BoyBeater-03.jpg,70.73,K
096-BoyBeater-01/BoyBeater-05.jpg,65.64,K
096-BoyBeater-01/BoyBeater-08.jpg,64.94,K
098-CK-01/CK-09.jpg,277,K
098-CK-01/CK-08.jpg,216.6,K
098-CK-01/CK-13.jpg,181.76,K
098-CK-01/CK-10.jpg,147.07,K
098-CK-01/CK-11.jpg,126.19,K
098-CK-01/CK-12.jpg,116.14,K
098-CK-01/CK-06.jpg,94.97,K
098-CK-01/CK-07.jpg,91.89,K
098-CK-01/CK-05.jpg,88.78,K
098-CK-01/CK-04.jpg,74.53,K
098-CK-01/CK-01.jpg,61.05,K
098-CK-01/CK-03.jpg,60.25,K
098-CK-01/CK-02.jpg,53.9,K
099-FeelinLucky-01/FeelinLucky-06.jpg,358.1,K
099-FeelinLucky-01/FeelinLucky-05.jpg,309.6,K
099-FeelinLucky-01/FeelinLucky-12.jpg,255.06,K
099-FeelinLucky-01/FeelinLucky-16.jpg,133.65,K
099-FeelinLucky-01/FeelinLucky-08.jpg,123.38,K
099-FeelinLucky-01/FeelinLucky-15.jpg,111.49,K
099-FeelinLucky-01/FeelinLucky-03.jpg,110.89,K
099-FeelinLucky-01/FeelinLucky-09.jpg,110.26,K
099-FeelinLucky-01/FeelinLucky-07.jpg,107.35,K
099-FeelinLucky-01/FeelinLucky-10.jpg,106.35,K
099-FeelinLucky-01/FeelinLucky-13.jpg,98.93,K
099-FeelinLucky-01/FeelinLucky-11.jpg,95.42,K
099-FeelinLucky-01/FeelinLucky-01.jpg,74.71,K
099-FeelinLucky-01/FeelinLucky-02.jpg,71.66,K
099-FeelinLucky-01/FeelinLucky-14.jpg,68.22,K
099-FeelinLucky-01/FeelinLucky-04.jpg,61.92,K
099-FeelinLucky-01/FeelinLucky-17.jpg,14.58,K
100-Cloak-01/Cloak-06.jpg,48.33,K
100-Cloak-01/Cloak-02.jpg,47.88,K
100-Cloak-01/Cloak-08.jpg,46.72,K
100-Cloak-01/Cloak-07.jpg,46.64,K
100-Cloak-01/Cloak-03.jpg,44.04,K
100-Cloak-01/Cloak-04.jpg,42.56,K
100-Cloak-01/Cloak-05.jpg,37.12,K
100-Cloak-01/Cloak-01.jpg,34.58,K
100-Cloak-01/Cloak-10.jpg,33.36,K
100-Cloak-01/Cloak-11.jpg,30.69,K
100-Cloak-01/Cloak-12.jpg,30.04,K
100-Cloak-01/Cloak-13.jpg,29.83,K
100-Cloak-01/Cloak-09.jpg,29.46,K
051-FeatheredHotPants-01/FeatheredHotPants-06.jpg,100.23,K
051-FeatheredHotPants-01/FeatheredHotPants-10.jpg,91.14,K
051-FeatheredHotPants-01/FeatheredHotPants-14.jpg,79.78,K
051-FeatheredHotPants-01/FeatheredHotPants-09.jpg,78.23,K
051-FeatheredHotPants-01/FeatheredHotPants-03.jpg,77.74,K
051-FeatheredHotPants-01/FeatheredHotPants-04.jpg,76.96,K
051-FeatheredHotPants-01/FeatheredHotPants-01.jpg,75.56,K
051-FeatheredHotPants-01/FeatheredHotPants-05.jpg,69.52,K
051-FeatheredHotPants-01/FeatheredHotPants-02.jpg,61.65,K
051-FeatheredHotPants-01/FeatheredHotPants-11.jpg,59.56,K
051-FeatheredHotPants-01/FeatheredHotPants-12.jpg,58.02,K
051-FeatheredHotPants-01/FeatheredHotPants-07.jpg,57.64,K
051-FeatheredHotPants-01/FeatheredHotPants-08.jpg,55.4,K
051-FeatheredHotPants-01/FeatheredHotPants-00.jpg,54.19,K
051-FeatheredHotPants-01/FeatheredHotPants-13.jpg,48.01,K
052-CuteDog-01/CuteDog-07.jpg,132.12,K
052-CuteDog-01/CuteDog-00.jpg,115.54,K
052-CuteDog-01/CuteDog-08.jpg,113.88,K
052-CuteDog-01/CuteDog-11.jpg,105.23,K
052-CuteDog-01/CuteDog-02.jpg,103.84,K
052-CuteDog-01/CuteDog-01.jpg,99.85,K
052-CuteDog-01/CuteDog-13.jpg,97.21,K
052-CuteDog-01/CuteDog-05.jpg,93.33,K
052-CuteDog-01/CuteDog-14.jpg,83.26,K
052-CuteDog-01/CuteDog-06.jpg,81.53,K
052-CuteDog-01/CuteDog-10.jpg,67.86,K
052-CuteDog-01/CuteDog-04.jpg,62.33,K
052-CuteDog-01/CuteDog-03.jpg,60.2,K
052-CuteDog-01/CuteDog-12.jpg,58.87,K
052-CuteDog-01/CuteDog-09.jpg,57.77,K
053-Cave-01/Cave-07.jpg,144.43,K
053-Cave-01/Cave-13.jpg,143.51,K
053-Cave-01/Cave-17.jpg,126.34,K
053-Cave-01/Cave-12.jpg,107.2,K
053-Cave-01/Cave-08.jpg,102.07,K
053-Cave-01/Cave-11.jpg,100.29,K
053-Cave-01/Cave-14.jpg,94.87,K
053-Cave-01/Cave-03.jpg,93.56,K
053-Cave-01/Cave-05.jpg,92.71,K
053-Cave-01/Cave-15.jpg,90.32,K
053-Cave-01/Cave-10.jpg,87.66,K
053-Cave-01/Cave-02.jpg,83.14,K
053-Cave-01/Cave-04.jpg,82.28,K
053-Cave-01/Cave-09.jpg,79.75,K
053-Cave-01/Cave-06.jpg,77.52,K
053-Cave-01/Cave-01.jpg,72,K
053-Cave-01/Cave-16.jpg,50.3,K
054-Fins-01/Fins-01.jpg,167.18,K
054-Fins-01/Fins-08.jpg,129.33,K
054-Fins-01/Fins-04.jpg,128.39,K
054-Fins-01/Fins-09.jpg,123.39,K
054-Fins-01/Fins-06.jpg,120.97,K
054-Fins-01/Fins-05.jpg,116,K
054-Fins-01/Fins-02.jpg,114.68,K
054-Fins-01/Fins-07.jpg,107.22,K
054-Fins-01/Fins-03.jpg,103.75,K
054-Fins-01/Fins-11.jpg,95.5,K
054-Fins-01/Fins-12.jpg,89.18,K
054-Fins-01/Fins-13.jpg,85.96,K
054-Fins-01/Fins-14.jpg,79.91,K
054-Fins-01/Fins-10.jpg,58.51,K
055-Caddy-01/Caddy-07.jpg,108.6,K
055-Caddy-01/Caddy-02.jpg,103.43,K
055-Caddy-01/Caddy-03.jpg,102.75,K
055-Caddy-01/Caddy-19.jpg,101.56,K
055-Caddy-01/Caddy-13.jpg,97.89,K
055-Caddy-01/Caddy-01.jpg,96.87,K
055-Caddy-01/Caddy-06.jpg,96.56,K
055-Caddy-01/Caddy-04.jpg,90.39,K
055-Caddy-01/Caddy-18.jpg,88.53,K
055-Caddy-01/Caddy-09.jpg,86.53,K
055-Caddy-01/Caddy-14.jpg,84.39,K
055-Caddy-01/Caddy-05.jpg,83.13,K
055-Caddy-01/Caddy-10.jpg,80.19,K
055-Caddy-01/Caddy-12.jpg,78.51,K
055-Caddy-01/Caddy-16.jpg,78.15,K
055-Caddy-01/Caddy-08.jpg,71.93,K
055-Caddy-01/Caddy-11.jpg,71.64,K
055-Caddy-01/Caddy-17.jpg,70.7,K
055-Caddy-01/Caddy-15.jpg,69.42,K
056-Bear-to-BareCombat-01/Bear-to-BareCombat-19.jpg,138.79,K
056-Bear-to-BareCombat-01/Bear-to-BareCombat-15.jpg,127.04,K
056-Bear-to-BareCombat-01/Bear-to-BareCombat-03.jpg,118.18,K
056-Bear-to-BareCombat-01/Bear-to-BareCombat-13.jpg,113.87,K
056-Bear-to-BareCombat-01/Bear-to-BareCombat-04.jpg,111.02,K
056-Bear-to-BareCombat-01/Bear-to-BareCombat-05.jpg,109.28,K
056-Bear-to-BareCombat-01/Bear-to-BareCombat-20.jpg,107.72,K
056-Bear-to-BareCombat-01/Bear-to-BareCombat-08.jpg,101.42,K
056-Bear-to-BareCombat-01/Bear-to-BareCombat-14.jpg,101.04,K
056-Bear-to-BareCombat-01/Bear-to-BareCombat-01.jpg,95.69,K
056-Bear-to-BareCombat-01/Bear-to-BareCombat-11.jpg,91.28,K
056-Bear-to-BareCombat-01/Bear-to-BareCombat-16.jpg,85.15,K
056-Bear-to-BareCombat-01/Bear-to-BareCombat-07.jpg,83.83,K
056-Bear-to-BareCombat-01/Bear-to-BareCombat-10.jpg,80.04,K
056-Bear-to-BareCombat-01/Bear-to-BareCombat-17.jpg,78.94,K
056-Bear-to-BareCombat-01/Bear-to-BareCombat-02.jpg,75.63,K
056-Bear-to-BareCombat-01/Bear-to-BareCombat-06.jpg,73.45,K
056-Bear-to-BareCombat-01/Bear-to-BareCombat-18.jpg,70.4,K
056-Bear-to-BareCombat-01/Bear-to-BareCombat-00.jpg,65.25,K
056-Bear-to-BareCombat-01/Bear-to-BareCombat-12.jpg,56.64,K
056-Bear-to-BareCombat-01/Bear-to-BareCombat-09.jpg,51.69,K
057-OrangeTop-01/OrangeTop-01.jpg,106.29,K
057-OrangeTop-01/OrangeTop-04.jpg,105.51,K
057-OrangeTop-01/OrangeTop-09.jpg,99.48,K
057-OrangeTop-01/OrangeTop-05.jpg,79.76,K
057-OrangeTop-01/OrangeTop-14.jpg,76.88,K
057-OrangeTop-01/OrangeTop-08.jpg,73.13,K
057-OrangeTop-01/OrangeTop-10.jpg,72.45,K
057-OrangeTop-01/OrangeTop-03.jpg,71.97,K
057-OrangeTop-01/OrangeTop-11.jpg,71.89,K
057-OrangeTop-01/OrangeTop-13.jpg,64.48,K
057-OrangeTop-01/OrangeTop-06.jpg,63.15,K
057-OrangeTop-01/OrangeTop-15.jpg,63.11,K
057-OrangeTop-01/OrangeTop-07.jpg,60.87,K
057-OrangeTop-01/OrangeTop-02.jpg,57.9,K
057-OrangeTop-01/OrangeTop-12.jpg,53.76,K
058-Ditching-01/Ditching-06.jpg,139.88,K
058-Ditching-01/Ditching-02.jpg,132.74,K
058-Ditching-01/Ditching-13.jpg,109.42,K
058-Ditching-01/Ditching-08.jpg,107.44,K
058-Ditching-01/Ditching-01.jpg,95.71,K
058-Ditching-01/Ditching-09.jpg,93.53,K
058-Ditching-01/Ditching-07.jpg,91.13,K
058-Ditching-01/Ditching-10.jpg,83.93,K
058-Ditching-01/Ditching-03.jpg,82.85,K
058-Ditching-01/Ditching-05.jpg,82.37,K
058-Ditching-01/Ditching-12.jpg,80.57,K
058-Ditching-01/Ditching-04.jpg,73.43,K
058-Ditching-01/Ditching-11.jpg,63.52,K
059-Thinking-of-You-01/Thinking-of-You-02.jpg,125.96,K
059-Thinking-of-You-01/Thinking-of-You-11.jpg,119.67,K
059-Thinking-of-You-01/Thinking-of-You-01.jpg,108.69,K
059-Thinking-of-You-01/Thinking-of-You-05.jpg,106.35,K
059-Thinking-of-You-01/Thinking-of-You-03.jpg,105.35,K
059-Thinking-of-You-01/Thinking-of-You-07.jpg,102.7,K
059-Thinking-of-You-01/Thinking-of-You-06.jpg,101.82,K
059-Thinking-of-You-01/Thinking-of-You-14.jpg,99.5,K
059-Thinking-of-You-01/Thinking-of-You-04.jpg,99.22,K
059-Thinking-of-You-01/Thinking-of-You-15.jpg,98.26,K
059-Thinking-of-You-01/Thinking-of-You-12.jpg,94.28,K
059-Thinking-of-You-01/Thinking-of-You-13.jpg,91.85,K
059-Thinking-of-You-01/Thinking-of-You-10.jpg,90.14,K
059-Thinking-of-You-01/Thinking-of-You-09.jpg,88.3,K
059-Thinking-of-You-01/Thinking-of-You-08.jpg,85.18,K
059-Thinking-of-You-01/Thinking-of-You-16.jpg,64.63,K
060-ThisGarden-01/ThisGarden-07.jpg,172.36,K
060-ThisGarden-01/ThisGarden-16.jpg,143.88,K
060-ThisGarden-01/ThisGarden-10.jpg,130.85,K
060-ThisGarden-01/ThisGarden-08.jpg,128.22,K
060-ThisGarden-01/ThisGarden-09.jpg,121.75,K
060-ThisGarden-01/ThisGarden-06.jpg,120.7,K
060-ThisGarden-01/ThisGarden-03.jpg,116.63,K
060-ThisGarden-01/ThisGarden-02.jpg,116.02,K
060-ThisGarden-01/ThisGarden-13.jpg,110.85,K
060-ThisGarden-01/ThisGarden-05.jpg,104.92,K
060-ThisGarden-01/ThisGarden-12.jpg,101.84,K
060-ThisGarden-01/ThisGarden-11.jpg,101.24,K
060-ThisGarden-01/ThisGarden-04.jpg,97.43,K
060-ThisGarden-01/ThisGarden-15.jpg,93.42,K
060-ThisGarden-01/ThisGarden-14.jpg,89.53,K
060-ThisGarden-01/ThisGarden-01.jpg,58.29,K
061-Poolside-01/Poolside-19.jpg,221.89,K
061-Poolside-01/Poolside-16.jpg,212.96,K
061-Poolside-01/Poolside-17.jpg,212.42,K
061-Poolside-01/Poolside-15.jpg,212.25,K
061-Poolside-01/Poolside-18.jpg,204.66,K
061-Poolside-01/Poolside-13.jpg,161.13,K
061-Poolside-01/Poolside-12.jpg,157.95,K
061-Poolside-01/Poolside-04.jpg,156.82,K
061-Poolside-01/Poolside-11.jpg,156.63,K
061-Poolside-01/Poolside-06.jpg,153.53,K
061-Poolside-01/Poolside-05.jpg,152.7,K
061-Poolside-01/Poolside-14.jpg,151.8,K
061-Poolside-01/Poolside-01.jpg,151.25,K
061-Poolside-01/Poolside-09.jpg,148.41,K
061-Poolside-01/Poolside-10.jpg,148.11,K
061-Poolside-01/Poolside-03.jpg,146.55,K
061-Poolside-01/Poolside-02.jpg,143.02,K
061-Poolside-01/Poolside-20.jpg,142.7,K
061-Poolside-01/Poolside-07.jpg,141.94,K
061-Poolside-01/Poolside-08.jpg,136.21,K
062-BamBam-01/BamBam-13.jpg,131.34,K
062-BamBam-01/BamBam-09.jpg,120.75,K
062-BamBam-01/BamBam-02.jpg,115.54,K
062-BamBam-01/BamBam-01.jpg,115.14,K
062-BamBam-01/BamBam-04.jpg,109.15,K
062-BamBam-01/BamBam-05.jpg,108.86,K
062-BamBam-01/BamBam-03.jpg,106.2,K
062-BamBam-01/BamBam-06.jpg,105.74,K
062-BamBam-01/BamBam-07.jpg,104.5,K
062-BamBam-01/BamBam-10.jpg,102.23,K
062-BamBam-01/BamBam-12.jpg,101.46,K
062-BamBam-01/BamBam-14.jpg,98.8,K
062-BamBam-01/BamBam-11.jpg,79.34,K
062-BamBam-01/BamBam-08.jpg,56.31,K
063-JungleSafari-01/JungleSafari-12.jpg,90.98,K
063-JungleSafari-01/JungleSafari-05.jpg,89.44,K
063-JungleSafari-01/JungleSafari-10.jpg,85.56,K
063-JungleSafari-01/JungleSafari-06.jpg,84.7,K
063-JungleSafari-01/JungleSafari-14.jpg,83.94,K
063-JungleSafari-01/JungleSafari-07.jpg,83.6,K
063-JungleSafari-01/JungleSafari-16.jpg,83.54,K
063-JungleSafari-01/JungleSafari-08.jpg,80.46,K
063-JungleSafari-01/JungleSafari-02.jpg,79.1,K
063-JungleSafari-01/JungleSafari-11.jpg,74.55,K
063-JungleSafari-01/JungleSafari-15.jpg,74.2,K
063-JungleSafari-01/JungleSafari-09.jpg,73.54,K
063-JungleSafari-01/JungleSafari-13.jpg,72.06,K
063-JungleSafari-01/JungleSafari-04.jpg,68.23,K
063-JungleSafari-01/JungleSafari-01.jpg,63.17,K
063-JungleSafari-01/JungleSafari-03.jpg,60.93,K
064-Morgan-01/Morgan-01.jpg,98.31,K
064-Morgan-01/Morgan-02.jpg,97.33,K
064-Morgan-01/Morgan-20.jpg,90.12,K
064-Morgan-01/Morgan-04.jpg,84.35,K
064-Morgan-01/Morgan-11.jpg,83.58,K
064-Morgan-01/Morgan-16.jpg,83.55,K
064-Morgan-01/Morgan-08.jpg,83.43,K
064-Morgan-01/Morgan-10.jpg,81.11,K
064-Morgan-01/Morgan-05.jpg,80.39,K
064-Morgan-01/Morgan-15.jpg,75.59,K
064-Morgan-01/Morgan-09.jpg,75.56,K
064-Morgan-01/Morgan-17.jpg,73.79,K
064-Morgan-01/Morgan-18.jpg,72.88,K
064-Morgan-01/Morgan-06.jpg,62.64,K
064-Morgan-01/Morgan-13.jpg,61.85,K
064-Morgan-01/Morgan-19.jpg,61.66,K
064-Morgan-01/Morgan-12.jpg,61.64,K
064-Morgan-01/Morgan-03.jpg,60.08,K
064-Morgan-01/Morgan-07.jpg,58.52,K
064-Morgan-01/Morgan-14.jpg,58.16,K
065-CoyoteUgly-01/CoyoteUgly-01.jpg,126.14,K
065-CoyoteUgly-01/CoyoteUgly-16.jpg,122.24,K
065-CoyoteUgly-01/CoyoteUgly-09.jpg,116.42,K
065-CoyoteUgly-01/CoyoteUgly-14.jpg,112.26,K
065-CoyoteUgly-01/CoyoteUgly-10.jpg,111.48,K
065-CoyoteUgly-01/CoyoteUgly-03.jpg,111.14,K
065-CoyoteUgly-01/CoyoteUgly-15.jpg,109.62,K
065-CoyoteUgly-01/CoyoteUgly-04.jpg,109.16,K
065-CoyoteUgly-01/CoyoteUgly-02.jpg,105.79,K
065-CoyoteUgly-01/CoyoteUgly-08.jpg,103.94,K
065-CoyoteUgly-01/CoyoteUgly-11.jpg,100.27,K
065-CoyoteUgly-01/CoyoteUgly-05.jpg,96.97,K
065-CoyoteUgly-01/CoyoteUgly-07.jpg,90.9,K
065-CoyoteUgly-01/CoyoteUgly-13.jpg,77.12,K
065-CoyoteUgly-01/CoyoteUgly-06.jpg,52.94,K
065-CoyoteUgly-01/CoyoteUgly-12.jpg,52.07,K
066-Rancher-01/Rancher-06.jpg,115.79,K
066-Rancher-01/Rancher-03.jpg,111.76,K
066-Rancher-01/Rancher-11.jpg,110.65,K
066-Rancher-01/Rancher-12.jpg,104.98,K
066-Rancher-01/Rancher-10.jpg,103.67,K
066-Rancher-01/Rancher-01.jpg,100.85,K
066-Rancher-01/Rancher-07.jpg,98.76,K
066-Rancher-01/Rancher-04.jpg,96.61,K
066-Rancher-01/Rancher-09.jpg,92.23,K
066-Rancher-01/Rancher-05.jpg,86.18,K
066-Rancher-01/Rancher-13.jpg,83.98,K
066-Rancher-01/Rancher-02.jpg,83.56,K
066-Rancher-01/Rancher-08.jpg,81.66,K
067-Pretty-in-Pink-01/Pretty-in-Pink-13.jpg,101.55,K
067-Pretty-in-Pink-01/Pretty-in-Pink-05.jpg,101.36,K
067-Pretty-in-Pink-01/Pretty-in-Pink-06.jpg,100.05,K
067-Pretty-in-Pink-01/Pretty-in-Pink-15.jpg,95.27,K
067-Pretty-in-Pink-01/Pretty-in-Pink-11.jpg,86.27,K
067-Pretty-in-Pink-01/Pretty-in-Pink-14.jpg,81.9,K
067-Pretty-in-Pink-01/Pretty-in-Pink-12.jpg,80.27,K
067-Pretty-in-Pink-01/Pretty-in-Pink-16.jpg,79.84,K
067-Pretty-in-Pink-01/Pretty-in-Pink-04.jpg,79.34,K
067-Pretty-in-Pink-01/Pretty-in-Pink-08.jpg,78.45,K
067-Pretty-in-Pink-01/Pretty-in-Pink-01.jpg,76.66,K
067-Pretty-in-Pink-01/Pretty-in-Pink-09.jpg,73.07,K
067-Pretty-in-Pink-01/Pretty-in-Pink-10.jpg,65.05,K
067-Pretty-in-Pink-01/Pretty-in-Pink-03.jpg,64.7,K
067-Pretty-in-Pink-01/Pretty-in-Pink-07.jpg,64.56,K
067-Pretty-in-Pink-01/Pretty-in-Pink-02.jpg,42.3,K
068-PuertoRico-01/PuertoRico-01.jpg,240.1,K
068-PuertoRico-01/PuertoRico-02.jpg,110.56,K
068-PuertoRico-01/PuertoRico-13.jpg,109.73,K
068-PuertoRico-01/PuertoRico-03.jpg,103.67,K
068-PuertoRico-01/PuertoRico-08.jpg,102.96,K
068-PuertoRico-01/PuertoRico-04.jpg,99.8,K
068-PuertoRico-01/PuertoRico-07.jpg,99.11,K
068-PuertoRico-01/PuertoRico-12.jpg,98.76,K
068-PuertoRico-01/PuertoRico-06.jpg,94.9,K
068-PuertoRico-01/PuertoRico-10.jpg,92.48,K
068-PuertoRico-01/PuertoRico-09.jpg,89.02,K
068-PuertoRico-01/PuertoRico-05.jpg,87.91,K
068-PuertoRico-01/PuertoRico-15.jpg,84.53,K
068-PuertoRico-01/PuertoRico-11.jpg,72.42,K
068-PuertoRico-01/PuertoRico-14.jpg,64.89,K
069-WhiteTop1-01/WhiteTop1-07.jpg,122.03,K
069-WhiteTop1-01/WhiteTop1-04.jpg,114.1,K
069-WhiteTop1-01/WhiteTop1-14.jpg,100.78,K
069-WhiteTop1-01/WhiteTop1-13.jpg,100.63,K
069-WhiteTop1-01/WhiteTop1-06.jpg,99.58,K
069-WhiteTop1-01/WhiteTop1-16.jpg,99.42,K
069-WhiteTop1-01/WhiteTop1-12.jpg,96.99,K
069-WhiteTop1-01/WhiteTop1-01.jpg,93.87,K
069-WhiteTop1-01/WhiteTop1-08.jpg,93.22,K
069-WhiteTop1-01/WhiteTop1-15.jpg,91.89,K
069-WhiteTop1-01/WhiteTop1-05.jpg,91.66,K
069-WhiteTop1-01/WhiteTop1-02.jpg,85.56,K
069-WhiteTop1-01/WhiteTop1-09.jpg,82.21,K
069-WhiteTop1-01/WhiteTop1-03.jpg,82.15,K
069-WhiteTop1-01/WhiteTop1-11.jpg,79.06,K
069-WhiteTop1-01/WhiteTop1-10.jpg,77.34,K
070-WhiteTop2-01/WhiteTop2-09.jpg,107.82,K
070-WhiteTop2-01/WhiteTop2-15.jpg,103.93,K
070-WhiteTop2-01/WhiteTop2-12.jpg,96.39,K
070-WhiteTop2-01/WhiteTop2-06.jpg,95.93,K
070-WhiteTop2-01/WhiteTop2-13.jpg,94.86,K
070-WhiteTop2-01/WhiteTop2-01.jpg,91.07,K
070-WhiteTop2-01/WhiteTop2-10.jpg,90.5,K
070-WhiteTop2-01/WhiteTop2-05.jpg,88.94,K
070-WhiteTop2-01/WhiteTop2-08.jpg,87.62,K
070-WhiteTop2-01/WhiteTop2-04.jpg,86.21,K
070-WhiteTop2-01/WhiteTop2-16.jpg,86.06,K
070-WhiteTop2-01/WhiteTop2-11.jpg,84.38,K
070-WhiteTop2-01/WhiteTop2-03.jpg,83.24,K
070-WhiteTop2-01/WhiteTop2-02.jpg,80.65,K
070-WhiteTop2-01/WhiteTop2-14.jpg,66.58,K
070-WhiteTop2-01/WhiteTop2-07.jpg,66.28,K
071-LeopardWoman-01/LeopardWoman-10.jpg,185.13,K
071-LeopardWoman-01/LeopardWoman-11.jpg,182.43,K
071-LeopardWoman-01/LeopardWoman-02.jpg,158.92,K
071-LeopardWoman-01/LeopardWoman-07.jpg,142.22,K
071-LeopardWoman-01/LeopardWoman-12.jpg,142.15,K
071-LeopardWoman-01/LeopardWoman-15.jpg,137.94,K
071-LeopardWoman-01/LeopardWoman-13.jpg,136.06,K
071-LeopardWoman-01/LeopardWoman-14.jpg,129.27,K
071-LeopardWoman-01/LeopardWoman-01.jpg,119.85,K
071-LeopardWoman-01/LeopardWoman-03.jpg,114.5,K
071-LeopardWoman-01/LeopardWoman-04.jpg,105.78,K
071-LeopardWoman-01/LeopardWoman-08.jpg,104.35,K
071-LeopardWoman-01/LeopardWoman-09.jpg,104.15,K
071-LeopardWoman-01/LeopardWoman-06.jpg,65.2,K
071-LeopardWoman-01/LeopardWoman-05.jpg,47.65,K
072-NavajoMountain-01/NavajoMountain-12.jpg,218.77,K
072-NavajoMountain-01/NavajoMountain-01.jpg,167.02,K
072-NavajoMountain-01/NavajoMountain-14.jpg,142.82,K
072-NavajoMountain-01/NavajoMountain-04.jpg,129.97,K
072-NavajoMountain-01/NavajoMountain-07.jpg,129.27,K
072-NavajoMountain-01/NavajoMountain-13.jpg,128.9,K
072-NavajoMountain-01/NavajoMountain-11.jpg,118.04,K
072-NavajoMountain-01/NavajoMountain-03.jpg,111.13,K
072-NavajoMountain-01/NavajoMountain-02.jpg,101.98,K
072-NavajoMountain-01/NavajoMountain-05.jpg,101.56,K
072-NavajoMountain-01/NavajoMountain-08.jpg,99.24,K
072-NavajoMountain-01/NavajoMountain-10.jpg,91.35,K
072-NavajoMountain-01/NavajoMountain-09.jpg,90.43,K
072-NavajoMountain-01/NavajoMountain-15.jpg,86.48,K
072-NavajoMountain-01/NavajoMountain-06.jpg,74.25,K
073-MattressThrasher-01/MattressThrasher-11.jpg,157.96,K
073-MattressThrasher-01/MattressThrasher-14.jpg,131.94,K
073-MattressThrasher-01/MattressThrasher-12.jpg,130.52,K
073-MattressThrasher-01/MattressThrasher-08.jpg,119.1,K
073-MattressThrasher-01/MattressThrasher-07.jpg,114.77,K
073-MattressThrasher-01/MattressThrasher-03.jpg,112.74,K
073-MattressThrasher-01/MattressThrasher-15.jpg,110.11,K
073-MattressThrasher-01/MattressThrasher-05.jpg,109.7,K
073-MattressThrasher-01/MattressThrasher-02.jpg,104.56,K
073-MattressThrasher-01/MattressThrasher-04.jpg,99.8,K
073-MattressThrasher-01/MattressThrasher-10.jpg,98.13,K
073-MattressThrasher-01/MattressThrasher-13.jpg,97.03,K
073-MattressThrasher-01/MattressThrasher-01.jpg,93.49,K
073-MattressThrasher-01/MattressThrasher-09.jpg,92.9,K
073-MattressThrasher-01/MattressThrasher-06.jpg,81.91,K
074-JuneLake-01/JuneLake-01.jpg,212.37,K
074-JuneLake-01/JuneLake-09.jpg,137.83,K
074-JuneLake-01/JuneLake-03.jpg,137.45,K
074-JuneLake-01/JuneLake-10.jpg,127.47,K
074-JuneLake-01/JuneLake-12.jpg,124.19,K
074-JuneLake-01/JuneLake-05.jpg,122.93,K
074-JuneLake-01/JuneLake-11.jpg,121.49,K
074-JuneLake-01/JuneLake-06.jpg,110.56,K
074-JuneLake-01/JuneLake-07.jpg,110.39,K
074-JuneLake-01/JuneLake-13.jpg,109.64,K
074-JuneLake-01/JuneLake-08.jpg,108.04,K
074-JuneLake-01/JuneLake-02.jpg,90.61,K
074-JuneLake-01/JuneLake-14.jpg,87.27,K
074-JuneLake-01/JuneLake-04.jpg,64.62,K
075-Malibu-01/Malibu-07.jpg,136.94,K
075-Malibu-01/Malibu-06.jpg,122.38,K
075-Malibu-01/Malibu-15.jpg,119.53,K
075-Malibu-01/Malibu-13.jpg,117.25,K
075-Malibu-01/Malibu-03.jpg,113.24,K
075-Malibu-01/Malibu-12.jpg,112.29,K
075-Malibu-01/Malibu-08.jpg,111.87,K
075-Malibu-01/Malibu-04.jpg,110.88,K
075-Malibu-01/Malibu-14.jpg,99.14,K
075-Malibu-01/Malibu-11.jpg,97.46,K
075-Malibu-01/Malibu-09.jpg,95.85,K
075-Malibu-01/Malibu-16.jpg,95.15,K
075-Malibu-01/Malibu-10.jpg,92.84,K
075-Malibu-01/Malibu-02.jpg,91.88,K
075-Malibu-01/Malibu-05.jpg,91.87,K
075-Malibu-01/Malibu-01.jpg,69.44,K
076-Texas-01/Texas-03.jpg,117.98,K
076-Texas-01/Texas-01.jpg,109.01,K
076-Texas-01/Texas-11.jpg,108.61,K
076-Texas-01/Texas-09.jpg,106.68,K
076-Texas-01/Texas-15.jpg,106.65,K
076-Texas-01/Texas-14.jpg,106.2,K
076-Texas-01/Texas-16.jpg,105.34,K
076-Texas-01/Texas-06.jpg,101.48,K
076-Texas-01/Texas-07.jpg,99.11,K
076-Texas-01/Texas-08.jpg,98.27,K
076-Texas-01/Texas-04.jpg,91.5,K
076-Texas-01/Texas-02.jpg,90.4,K
076-Texas-01/Texas-12.jpg,88.26,K
076-Texas-01/Texas-05.jpg,87.81,K
076-Texas-01/Texas-17.jpg,87.63,K
076-Texas-01/Texas-13.jpg,86.61,K
076-Texas-01/Texas-10.jpg,64.73,K
077-Playa-del-Carmen-01/Playa-del-Carmen-04.jpg,154.82,K
077-Playa-del-Carmen-01/Playa-del-Carmen-03.jpg,142.84,K
077-Playa-del-Carmen-01/Playa-del-Carmen-17.jpg,125.91,K
077-Playa-del-Carmen-01/Playa-del-Carmen-02.jpg,125.51,K
077-Playa-del-Carmen-01/Playa-del-Carmen-09.jpg,124.92,K
077-Playa-del-Carmen-01/Playa-del-Carmen-10.jpg,124.1,K
077-Playa-del-Carmen-01/Playa-del-Carmen-12.jpg,117.21,K
077-Playa-del-Carmen-01/Playa-del-Carmen-11.jpg,115.93,K
077-Playa-del-Carmen-01/Playa-del-Carmen-05.jpg,112.39,K
077-Playa-del-Carmen-01/Playa-del-Carmen-16.jpg,107.52,K
077-Playa-del-Carmen-01/Playa-del-Carmen-20.jpg,105.69,K
077-Playa-del-Carmen-01/Playa-del-Carmen-07.jpg,105.68,K
077-Playa-del-Carmen-01/Playa-del-Carmen-18.jpg,97.9,K
077-Playa-del-Carmen-01/Playa-del-Carmen-08.jpg,96.73,K
077-Playa-del-Carmen-01/Playa-del-Carmen-14.jpg,95.85,K
077-Playa-del-Carmen-01/Playa-del-Carmen-19.jpg,85.81,K
077-Playa-del-Carmen-01/Playa-del-Carmen-15.jpg,85.19,K
077-Playa-del-Carmen-01/Playa-del-Carmen-01.jpg,82.16,K
077-Playa-del-Carmen-01/Playa-del-Carmen-13.jpg,75.51,K
077-Playa-del-Carmen-01/Playa-del-Carmen-06.jpg,72.7,K
078-Hecho-en-Cancun-01/Hecho-en-Cancun-10.jpg,119.5,K
078-Hecho-en-Cancun-01/Hecho-en-Cancun-06.jpg,111.04,K
078-Hecho-en-Cancun-01/Hecho-en-Cancun-08.jpg,106.19,K
078-Hecho-en-Cancun-01/Hecho-en-Cancun-04.jpg,100.54,K
078-Hecho-en-Cancun-01/Hecho-en-Cancun-13.jpg,96.71,K
078-Hecho-en-Cancun-01/Hecho-en-Cancun-12.jpg,91.51,K
078-Hecho-en-Cancun-01/Hecho-en-Cancun-07.jpg,89.26,K
078-Hecho-en-Cancun-01/Hecho-en-Cancun-09.jpg,83.68,K
078-Hecho-en-Cancun-01/Hecho-en-Cancun-01.jpg,75.41,K
078-Hecho-en-Cancun-01/Hecho-en-Cancun-03.jpg,71.86,K
078-Hecho-en-Cancun-01/Hecho-en-Cancun-11.jpg,70.65,K
078-Hecho-en-Cancun-01/Hecho-en-Cancun-05.jpg,68.21,K
078-Hecho-en-Cancun-01/Hecho-en-Cancun-02.jpg,62.74,K
079-Black-01/Black-13.jpg,133.25,K
079-Black-01/Black-14.jpg,125.19,K
079-Black-01/Black-06.jpg,122.86,K
079-Black-01/Black-15.jpg,119.89,K
079-Black-01/Black-03.jpg,91.32,K
079-Black-01/Black-02.jpg,79.63,K
079-Black-01/Black-05.jpg,78.99,K
079-Black-01/Black-12.jpg,74.64,K
079-Black-01/Black-09.jpg,64.88,K
079-Black-01/Black-04.jpg,63.58,K
079-Black-01/Black-07.jpg,61.16,K
079-Black-01/Black-08.jpg,58.15,K
079-Black-01/Black-01.jpg,54.5,K
079-Black-01/Black-16.jpg,51.03,K
079-Black-01/Black-10.jpg,48.01,K
079-Black-01/Black-11.jpg,47.11,K
080-GuestHouse-01/GuestHouse-13.jpg,195.93,K
080-GuestHouse-01/GuestHouse-07.jpg,126.74,K
080-GuestHouse-01/GuestHouse-01.jpg,116.66,K
080-GuestHouse-01/GuestHouse-04.jpg,111.72,K
080-GuestHouse-01/GuestHouse-05.jpg,106.62,K
080-GuestHouse-01/GuestHouse-06.jpg,106.12,K
080-GuestHouse-01/GuestHouse-10.jpg,102.2,K
080-GuestHouse-01/GuestHouse-08.jpg,99.25,K
080-GuestHouse-01/GuestHouse-12.jpg,99.15,K
080-GuestHouse-01/GuestHouse-02.jpg,94.42,K
080-GuestHouse-01/GuestHouse-03.jpg,93.07,K
080-GuestHouse-01/GuestHouse-11.jpg,91.27,K
080-GuestHouse-01/GuestHouse-09.jpg,77.2,K
010-Waiting-For-You-01/Waiting-For-You-05.jpg,83.01,K
010-Waiting-For-You-01/Waiting-For-You-10.jpg,78.17,K
010-Waiting-For-You-01/Waiting-For-You-08.jpg,74.29,K
010-Waiting-For-You-01/Waiting-For-You-07.jpg,70.81,K
010-Waiting-For-You-01/Waiting-For-You-01.jpg,70.68,K
010-Waiting-For-You-01/Waiting-For-You-06.jpg,70.26,K
010-Waiting-For-You-01/Waiting-For-You-04.jpg,67,K
010-Waiting-For-You-01/Waiting-For-You-02.jpg,66.81,K
010-Waiting-For-You-01/Waiting-For-You-11.jpg,66.34,K
010-Waiting-For-You-01/Waiting-For-You-03.jpg,65.67,K
010-Waiting-For-You-01/Waiting-For-You-09.jpg,57.71,K
